/*
 Navicat Premium Data Transfer

 Source Server         : face
 Source Server Type    : MySQL
 Source Server Version : 50553
 Source Host           : 134.175.49.62:3306
 Source Schema         : facerecognition

 Target Server Type    : MySQL
 Target Server Version : 50553
 File Encoding         : 65001

 Date: 19/07/2019 14:52:51
*/

SET NAMES utf8mb4;
SET FOREIGN_KEY_CHECKS = 0;

-- ----------------------------
-- Table structure for admin_nav
-- ----------------------------
DROP TABLE IF EXISTS `admin_nav`;
CREATE TABLE `admin_nav`  (
  `id` int(11) NOT NULL AUTO_INCREMENT,
  `text` varchar(40) CHARACTER SET utf8 COLLATE utf8_general_ci NULL DEFAULT NULL,
  `state` varchar(10) CHARACTER SET utf8 COLLATE utf8_general_ci NULL DEFAULT 'open',
  `iconCls` varchar(40) CHARACTER SET utf8 COLLATE utf8_general_ci NULL DEFAULT NULL,
  `pid` int(11) NULL DEFAULT NULL,
  `url` varchar(255) CHARACTER SET utf8 COLLATE utf8_general_ci NULL DEFAULT NULL,
  PRIMARY KEY (`id`) USING BTREE
) ENGINE = InnoDB AUTO_INCREMENT = 23 CHARACTER SET = utf8 COLLATE = utf8_general_ci ROW_FORMAT = Compact;

-- ----------------------------
-- Records of admin_nav
-- ----------------------------
INSERT INTO `admin_nav` VALUES (1, ' 菜单管理', 'open', 'icon-bug', 0, 'caidan.jsp');
INSERT INTO `admin_nav` VALUES (5, '基础设置', 'closed', 'icon-360', 0, '');
INSERT INTO `admin_nav` VALUES (9, '学院', 'open', 'icon-world', 5, 'college.jsp');
INSERT INTO `admin_nav` VALUES (11, '课程', 'open', 'icon-color', 5, 'course.jsp');
INSERT INTO `admin_nav` VALUES (12, '学生', 'open', 'icon-group', 5, 'studentList.jsp');
INSERT INTO `admin_nav` VALUES (13, '教师', 'open', 'icon-manager', 5, 'teacherList.jsp');
INSERT INTO `admin_nav` VALUES (14, '考勤管理', 'closed', 'icon-photo_add', 0, '');
INSERT INTO `admin_nav` VALUES (15, '人脸收集', 'open', 'icon-group', 14, 'getfeature.jsp');
INSERT INTO `admin_nav` VALUES (16, '开始考勤', 'open', 'icon-system', 14, 'startAttendance.jsp');
INSERT INTO `admin_nav` VALUES (17, '考勤记录', 'open', 'icon-camera', 20, 'attend.jsp');
INSERT INTO `admin_nav` VALUES (18, '时间', 'open', 'icon-world', 5, 'course_time.jsp');
INSERT INTO `admin_nav` VALUES (19, '地点', 'open', 'icon-database_refresh', 5, 'coursePlace.jsp');
INSERT INTO `admin_nav` VALUES (20, '数据管理', 'closed', 'icon-key_add', 0, '');
INSERT INTO `admin_nav` VALUES (21, '图表分析', 'open', 'icon-house_star', 20, 'attendCharts.jsp');
INSERT INTO `admin_nav` VALUES (22, '课室', 'open', 'icon-database_add', 5, 'courseRoom.jsp');

-- ----------------------------
-- Table structure for attend_record
-- ----------------------------
DROP TABLE IF EXISTS `attend_record`;
CREATE TABLE `attend_record`  (
  `record_id` int(11) NOT NULL AUTO_INCREMENT,
  `create_time` datetime NULL DEFAULT NULL,
  `teacher_id` int(11) NULL DEFAULT NULL,
  `student_id` int(11) NULL DEFAULT NULL,
  `course_id` int(11) NULL DEFAULT NULL,
  `course_time_id` int(11) NULL DEFAULT NULL,
  PRIMARY KEY (`record_id`) USING BTREE
) ENGINE = InnoDB AUTO_INCREMENT = 2 CHARACTER SET = utf8 COLLATE = utf8_general_ci ROW_FORMAT = Compact;

-- ----------------------------
-- Records of attend_record
-- ----------------------------
INSERT INTO `attend_record` VALUES (1, '2018-12-06 20:01:38', 1, 1, 1, 1);

-- ----------------------------
-- Table structure for auth_group
-- ----------------------------
DROP TABLE IF EXISTS `auth_group`;
CREATE TABLE `auth_group`  (
  `id` int(11) NOT NULL AUTO_INCREMENT,
  `name` varchar(80) CHARACTER SET utf8 COLLATE utf8_general_ci NOT NULL,
  PRIMARY KEY (`id`) USING BTREE,
  UNIQUE INDEX `name`(`name`) USING BTREE
) ENGINE = InnoDB AUTO_INCREMENT = 1 CHARACTER SET = utf8 COLLATE = utf8_general_ci ROW_FORMAT = Compact;

-- ----------------------------
-- Table structure for auth_group_permissions
-- ----------------------------
DROP TABLE IF EXISTS `auth_group_permissions`;
CREATE TABLE `auth_group_permissions`  (
  `id` int(11) NOT NULL AUTO_INCREMENT,
  `group_id` int(11) NOT NULL,
  `permission_id` int(11) NOT NULL,
  PRIMARY KEY (`id`) USING BTREE,
  UNIQUE INDEX `auth_group_permissions_group_id_permission_id_0cd325b0_uniq`(`group_id`, `permission_id`) USING BTREE,
  INDEX `auth_group_permissions_group_id_b120cbf9`(`group_id`) USING BTREE,
  INDEX `auth_group_permissions_permission_id_84c5c92e`(`permission_id`) USING BTREE
) ENGINE = InnoDB AUTO_INCREMENT = 1 CHARACTER SET = utf8 COLLATE = utf8_general_ci ROW_FORMAT = Compact;

-- ----------------------------
-- Table structure for auth_permission
-- ----------------------------
DROP TABLE IF EXISTS `auth_permission`;
CREATE TABLE `auth_permission`  (
  `id` int(11) NOT NULL AUTO_INCREMENT,
  `name` varchar(255) CHARACTER SET utf8 COLLATE utf8_general_ci NOT NULL,
  `content_type_id` int(11) NOT NULL,
  `codename` varchar(100) CHARACTER SET utf8 COLLATE utf8_general_ci NOT NULL,
  PRIMARY KEY (`id`) USING BTREE,
  UNIQUE INDEX `auth_permission_content_type_id_codename_01ab375a_uniq`(`content_type_id`, `codename`) USING BTREE,
  INDEX `auth_permission_content_type_id_2f476e4b`(`content_type_id`) USING BTREE
) ENGINE = InnoDB AUTO_INCREMENT = 34 CHARACTER SET = utf8 COLLATE = utf8_general_ci ROW_FORMAT = Compact;

-- ----------------------------
-- Records of auth_permission
-- ----------------------------
INSERT INTO `auth_permission` VALUES (1, 'Can add log entry', 1, 'add_logentry');
INSERT INTO `auth_permission` VALUES (2, 'Can change log entry', 1, 'change_logentry');
INSERT INTO `auth_permission` VALUES (3, 'Can delete log entry', 1, 'delete_logentry');
INSERT INTO `auth_permission` VALUES (4, 'Can add permission', 2, 'add_permission');
INSERT INTO `auth_permission` VALUES (5, 'Can change permission', 2, 'change_permission');
INSERT INTO `auth_permission` VALUES (6, 'Can delete permission', 2, 'delete_permission');
INSERT INTO `auth_permission` VALUES (7, 'Can add group', 3, 'add_group');
INSERT INTO `auth_permission` VALUES (8, 'Can change group', 3, 'change_group');
INSERT INTO `auth_permission` VALUES (9, 'Can delete group', 3, 'delete_group');
INSERT INTO `auth_permission` VALUES (10, 'Can add user', 4, 'add_user');
INSERT INTO `auth_permission` VALUES (11, 'Can change user', 4, 'change_user');
INSERT INTO `auth_permission` VALUES (12, 'Can delete user', 4, 'delete_user');
INSERT INTO `auth_permission` VALUES (13, 'Can add content type', 5, 'add_contenttype');
INSERT INTO `auth_permission` VALUES (14, 'Can change content type', 5, 'change_contenttype');
INSERT INTO `auth_permission` VALUES (15, 'Can delete content type', 5, 'delete_contenttype');
INSERT INTO `auth_permission` VALUES (16, 'Can add session', 6, 'add_session');
INSERT INTO `auth_permission` VALUES (17, 'Can change session', 6, 'change_session');
INSERT INTO `auth_permission` VALUES (18, 'Can delete session', 6, 'delete_session');
INSERT INTO `auth_permission` VALUES (19, 'Can add test', 7, 'add_test');
INSERT INTO `auth_permission` VALUES (20, 'Can change test', 7, 'change_test');
INSERT INTO `auth_permission` VALUES (21, 'Can delete test', 7, 'delete_test');
INSERT INTO `auth_permission` VALUES (22, 'Can add stuinfo', 8, 'add_stuinfo');
INSERT INTO `auth_permission` VALUES (23, 'Can change stuinfo', 8, 'change_stuinfo');
INSERT INTO `auth_permission` VALUES (24, 'Can delete stuinfo', 8, 'delete_stuinfo');
INSERT INTO `auth_permission` VALUES (25, 'Can add contact', 9, 'add_contact');
INSERT INTO `auth_permission` VALUES (26, 'Can change contact', 9, 'change_contact');
INSERT INTO `auth_permission` VALUES (27, 'Can delete contact', 9, 'delete_contact');
INSERT INTO `auth_permission` VALUES (28, 'Can add tag', 10, 'add_tag');
INSERT INTO `auth_permission` VALUES (29, 'Can change tag', 10, 'change_tag');
INSERT INTO `auth_permission` VALUES (30, 'Can delete tag', 10, 'delete_tag');
INSERT INTO `auth_permission` VALUES (31, 'Can add feature url', 11, 'add_featureurl');
INSERT INTO `auth_permission` VALUES (32, 'Can change feature url', 11, 'change_featureurl');
INSERT INTO `auth_permission` VALUES (33, 'Can delete feature url', 11, 'delete_featureurl');

-- ----------------------------
-- Table structure for auth_user
-- ----------------------------
DROP TABLE IF EXISTS `auth_user`;
CREATE TABLE `auth_user`  (
  `id` int(11) NOT NULL AUTO_INCREMENT,
  `password` varchar(128) CHARACTER SET utf8 COLLATE utf8_general_ci NOT NULL,
  `last_login` datetime NULL DEFAULT NULL,
  `is_superuser` tinyint(1) NOT NULL,
  `username` varchar(150) CHARACTER SET utf8 COLLATE utf8_general_ci NOT NULL,
  `first_name` varchar(30) CHARACTER SET utf8 COLLATE utf8_general_ci NOT NULL,
  `last_name` varchar(150) CHARACTER SET utf8 COLLATE utf8_general_ci NOT NULL,
  `email` varchar(254) CHARACTER SET utf8 COLLATE utf8_general_ci NOT NULL,
  `is_staff` tinyint(1) NOT NULL,
  `is_active` tinyint(1) NOT NULL,
  `date_joined` datetime NOT NULL,
  PRIMARY KEY (`id`) USING BTREE,
  UNIQUE INDEX `username`(`username`) USING BTREE
) ENGINE = InnoDB AUTO_INCREMENT = 1 CHARACTER SET = utf8 COLLATE = utf8_general_ci ROW_FORMAT = Compact;

-- ----------------------------
-- Table structure for auth_user_groups
-- ----------------------------
DROP TABLE IF EXISTS `auth_user_groups`;
CREATE TABLE `auth_user_groups`  (
  `id` int(11) NOT NULL AUTO_INCREMENT,
  `user_id` int(11) NOT NULL,
  `group_id` int(11) NOT NULL,
  PRIMARY KEY (`id`) USING BTREE,
  UNIQUE INDEX `auth_user_groups_user_id_group_id_94350c0c_uniq`(`user_id`, `group_id`) USING BTREE,
  INDEX `auth_user_groups_user_id_6a12ed8b`(`user_id`) USING BTREE,
  INDEX `auth_user_groups_group_id_97559544`(`group_id`) USING BTREE
) ENGINE = InnoDB AUTO_INCREMENT = 1 CHARACTER SET = utf8 COLLATE = utf8_general_ci ROW_FORMAT = Compact;

-- ----------------------------
-- Table structure for auth_user_user_permissions
-- ----------------------------
DROP TABLE IF EXISTS `auth_user_user_permissions`;
CREATE TABLE `auth_user_user_permissions`  (
  `id` int(11) NOT NULL AUTO_INCREMENT,
  `user_id` int(11) NOT NULL,
  `permission_id` int(11) NOT NULL,
  PRIMARY KEY (`id`) USING BTREE,
  UNIQUE INDEX `auth_user_user_permissions_user_id_permission_id_14a6b632_uniq`(`user_id`, `permission_id`) USING BTREE,
  INDEX `auth_user_user_permissions_user_id_a95ead1b`(`user_id`) USING BTREE,
  INDEX `auth_user_user_permissions_permission_id_1fbb5f2c`(`permission_id`) USING BTREE
) ENGINE = InnoDB AUTO_INCREMENT = 1 CHARACTER SET = utf8 COLLATE = utf8_general_ci ROW_FORMAT = Compact;

-- ----------------------------
-- Table structure for college
-- ----------------------------
DROP TABLE IF EXISTS `college`;
CREATE TABLE `college`  (
  `college_id` int(11) NOT NULL AUTO_INCREMENT,
  `college_name` varchar(255) CHARACTER SET utf8 COLLATE utf8_general_ci NULL DEFAULT NULL,
  PRIMARY KEY (`college_id`) USING BTREE
) ENGINE = InnoDB AUTO_INCREMENT = 20 CHARACTER SET = utf8 COLLATE = utf8_general_ci ROW_FORMAT = Compact;

-- ----------------------------
-- Records of college
-- ----------------------------
INSERT INTO `college` VALUES (1, '智能制造学部');
INSERT INTO `college` VALUES (5, '文学院');
INSERT INTO `college` VALUES (7, '政法学院');
INSERT INTO `college` VALUES (8, '数学与计算科学学院');
INSERT INTO `college` VALUES (9, '外国语学院');
INSERT INTO `college` VALUES (10, '土木建筑学院');
INSERT INTO `college` VALUES (11, '纺织材料与工程学院');
INSERT INTO `college` VALUES (12, '艺术设计学院');
INSERT INTO `college` VALUES (13, '通识教育学院');
INSERT INTO `college` VALUES (14, '马克思主义学院');
INSERT INTO `college` VALUES (15, '应用物理与材料学院');
INSERT INTO `college` VALUES (16, '生物科技与大健康学院');
INSERT INTO `college` VALUES (17, '轨道交通学院');
INSERT INTO `college` VALUES (19, '经济管理学院');

-- ----------------------------
-- Table structure for course
-- ----------------------------
DROP TABLE IF EXISTS `course`;
CREATE TABLE `course`  (
  `id` int(11) NOT NULL AUTO_INCREMENT,
  `course_name` varchar(255) CHARACTER SET utf8 COLLATE utf8_general_ci NULL DEFAULT NULL,
  `course_code` varchar(255) CHARACTER SET utf8 COLLATE utf8_general_ci NULL DEFAULT NULL,
  PRIMARY KEY (`id`) USING BTREE
) ENGINE = InnoDB AUTO_INCREMENT = 12 CHARACTER SET = utf8 COLLATE = utf8_general_ci ROW_FORMAT = Compact;

-- ----------------------------
-- Records of course
-- ----------------------------
INSERT INTO `course` VALUES (1, '信息安全', '10002');
INSERT INTO `course` VALUES (2, 'C语言', '10003');
INSERT INTO `course` VALUES (3, '高等数学', '10004');
INSERT INTO `course` VALUES (4, '线性代数', '10005');
INSERT INTO `course` VALUES (5, 'java 程序设计', '10006');
INSERT INTO `course` VALUES (6, '信息论与编码', '10007');
INSERT INTO `course` VALUES (7, '大学物理', '10008');
INSERT INTO `course` VALUES (8, '大学英语一', '10009');
INSERT INTO `course` VALUES (9, 'web程序设计', '10010');
INSERT INTO `course` VALUES (10, 'C++程序设计', '10011');
INSERT INTO `course` VALUES (11, 'j2EE', '10022');

-- ----------------------------
-- Table structure for course_place
-- ----------------------------
DROP TABLE IF EXISTS `course_place`;
CREATE TABLE `course_place`  (
  `id` int(11) NOT NULL AUTO_INCREMENT,
  `place` varchar(255) CHARACTER SET utf8 COLLATE utf8_general_ci NULL DEFAULT NULL,
  PRIMARY KEY (`id`) USING BTREE
) ENGINE = InnoDB AUTO_INCREMENT = 6 CHARACTER SET = utf8 COLLATE = utf8_general_ci ROW_FORMAT = Compact;

-- ----------------------------
-- Records of course_place
-- ----------------------------
INSERT INTO `course_place` VALUES (1, '北主楼');
INSERT INTO `course_place` VALUES (2, '南主楼');
INSERT INTO `course_place` VALUES (3, '马兰芳');
INSERT INTO `course_place` VALUES (4, '黄浩川');
INSERT INTO `course_place` VALUES (5, '风雨篮球场');

-- ----------------------------
-- Table structure for course_room
-- ----------------------------
DROP TABLE IF EXISTS `course_room`;
CREATE TABLE `course_room`  (
  `id` int(11) NOT NULL AUTO_INCREMENT,
  `room` varchar(50) CHARACTER SET utf8 COLLATE utf8_general_ci NULL DEFAULT NULL,
  PRIMARY KEY (`id`) USING BTREE
) ENGINE = InnoDB AUTO_INCREMENT = 42 CHARACTER SET = utf8 COLLATE = utf8_general_ci ROW_FORMAT = Compact;

-- ----------------------------
-- Records of course_room
-- ----------------------------
INSERT INTO `course_room` VALUES (1, '201');
INSERT INTO `course_room` VALUES (2, '202');
INSERT INTO `course_room` VALUES (3, '203');
INSERT INTO `course_room` VALUES (4, '204');
INSERT INTO `course_room` VALUES (5, '205');
INSERT INTO `course_room` VALUES (6, '301');
INSERT INTO `course_room` VALUES (7, '302');
INSERT INTO `course_room` VALUES (8, '303');
INSERT INTO `course_room` VALUES (9, '304');
INSERT INTO `course_room` VALUES (10, '401');
INSERT INTO `course_room` VALUES (11, '402');
INSERT INTO `course_room` VALUES (12, '403');
INSERT INTO `course_room` VALUES (13, '404');
INSERT INTO `course_room` VALUES (14, '501');
INSERT INTO `course_room` VALUES (15, '502');
INSERT INTO `course_room` VALUES (16, '503');
INSERT INTO `course_room` VALUES (17, '504');
INSERT INTO `course_room` VALUES (18, '602');
INSERT INTO `course_room` VALUES (19, '601');
INSERT INTO `course_room` VALUES (20, '603');
INSERT INTO `course_room` VALUES (21, '604');
INSERT INTO `course_room` VALUES (22, '701');
INSERT INTO `course_room` VALUES (23, '702');
INSERT INTO `course_room` VALUES (24, '703');
INSERT INTO `course_room` VALUES (25, '704');
INSERT INTO `course_room` VALUES (26, '801');
INSERT INTO `course_room` VALUES (27, '802');
INSERT INTO `course_room` VALUES (28, '803');
INSERT INTO `course_room` VALUES (29, '804');
INSERT INTO `course_room` VALUES (30, '901');
INSERT INTO `course_room` VALUES (31, '902');
INSERT INTO `course_room` VALUES (32, '903');
INSERT INTO `course_room` VALUES (33, '904');
INSERT INTO `course_room` VALUES (34, '1001');
INSERT INTO `course_room` VALUES (35, '1002');
INSERT INTO `course_room` VALUES (36, '1003');
INSERT INTO `course_room` VALUES (37, '1004');
INSERT INTO `course_room` VALUES (38, '1101');
INSERT INTO `course_room` VALUES (39, '1102');
INSERT INTO `course_room` VALUES (40, '1103');
INSERT INTO `course_room` VALUES (41, '1104');

-- ----------------------------
-- Table structure for course_time
-- ----------------------------
DROP TABLE IF EXISTS `course_time`;
CREATE TABLE `course_time`  (
  `id` int(11) NOT NULL AUTO_INCREMENT,
  `week` varchar(50) CHARACTER SET utf8 COLLATE utf8_general_ci NULL DEFAULT NULL COMMENT '第几周',
  `day` varchar(50) CHARACTER SET utf8 COLLATE utf8_general_ci NULL DEFAULT NULL COMMENT '星期几',
  `node` varchar(50) CHARACTER SET utf8 COLLATE utf8_general_ci NULL DEFAULT NULL COMMENT '第几节课',
  `start_time` time NULL DEFAULT NULL COMMENT '上课时间',
  `end_time` time NULL DEFAULT NULL COMMENT '下课时间',
  PRIMARY KEY (`id`) USING BTREE
) ENGINE = InnoDB AUTO_INCREMENT = 6 CHARACTER SET = utf8 COLLATE = utf8_general_ci ROW_FORMAT = Compact;

-- ----------------------------
-- Records of course_time
-- ----------------------------
INSERT INTO `course_time` VALUES (1, '第一周', '星期一', '第一节', '08:15:00', '10:15:00');
INSERT INTO `course_time` VALUES (2, '第一周', '星期二', '第二节', '10:30:00', '11:50:00');
INSERT INTO `course_time` VALUES (3, '第一周', '星期一', '第二节', '10:30:00', '11:50:00');
INSERT INTO `course_time` VALUES (4, '第一周', '星期一', '第三节', '14:45:00', '16:30:00');
INSERT INTO `course_time` VALUES (5, '第一周', '星期一', '第六节', '20:30:00', '22:00:36');

-- ----------------------------
-- Table structure for django_admin_log
-- ----------------------------
DROP TABLE IF EXISTS `django_admin_log`;
CREATE TABLE `django_admin_log`  (
  `id` int(11) NOT NULL AUTO_INCREMENT,
  `action_time` datetime NOT NULL,
  `object_id` longtext CHARACTER SET utf8 COLLATE utf8_general_ci NULL,
  `object_repr` varchar(200) CHARACTER SET utf8 COLLATE utf8_general_ci NOT NULL,
  `action_flag` smallint(5) UNSIGNED NOT NULL,
  `change_message` longtext CHARACTER SET utf8 COLLATE utf8_general_ci NOT NULL,
  `content_type_id` int(11) NULL DEFAULT NULL,
  `user_id` int(11) NOT NULL,
  PRIMARY KEY (`id`) USING BTREE,
  INDEX `django_admin_log_content_type_id_c4bce8eb`(`content_type_id`) USING BTREE,
  INDEX `django_admin_log_user_id_c564eba6`(`user_id`) USING BTREE
) ENGINE = InnoDB AUTO_INCREMENT = 1 CHARACTER SET = utf8 COLLATE = utf8_general_ci ROW_FORMAT = Compact;

-- ----------------------------
-- Table structure for django_content_type
-- ----------------------------
DROP TABLE IF EXISTS `django_content_type`;
CREATE TABLE `django_content_type`  (
  `id` int(11) NOT NULL AUTO_INCREMENT,
  `app_label` varchar(100) CHARACTER SET utf8 COLLATE utf8_general_ci NOT NULL,
  `model` varchar(100) CHARACTER SET utf8 COLLATE utf8_general_ci NOT NULL,
  PRIMARY KEY (`id`) USING BTREE,
  UNIQUE INDEX `django_content_type_app_label_model_76bd3d3b_uniq`(`app_label`, `model`) USING BTREE
) ENGINE = InnoDB AUTO_INCREMENT = 12 CHARACTER SET = utf8 COLLATE = utf8_general_ci ROW_FORMAT = Compact;

-- ----------------------------
-- Records of django_content_type
-- ----------------------------
INSERT INTO `django_content_type` VALUES (1, 'admin', 'logentry');
INSERT INTO `django_content_type` VALUES (3, 'auth', 'group');
INSERT INTO `django_content_type` VALUES (2, 'auth', 'permission');
INSERT INTO `django_content_type` VALUES (4, 'auth', 'user');
INSERT INTO `django_content_type` VALUES (5, 'contenttypes', 'contenttype');
INSERT INTO `django_content_type` VALUES (9, 'FaceRecDB', 'contact');
INSERT INTO `django_content_type` VALUES (11, 'FaceRecDB', 'featureurl');
INSERT INTO `django_content_type` VALUES (8, 'FaceRecDB', 'stuinfo');
INSERT INTO `django_content_type` VALUES (10, 'FaceRecDB', 'tag');
INSERT INTO `django_content_type` VALUES (7, 'FaceRecDB', 'test');
INSERT INTO `django_content_type` VALUES (6, 'sessions', 'session');

-- ----------------------------
-- Table structure for django_migrations
-- ----------------------------
DROP TABLE IF EXISTS `django_migrations`;
CREATE TABLE `django_migrations`  (
  `id` int(11) NOT NULL AUTO_INCREMENT,
  `app` varchar(255) CHARACTER SET utf8 COLLATE utf8_general_ci NOT NULL,
  `name` varchar(255) CHARACTER SET utf8 COLLATE utf8_general_ci NOT NULL,
  `applied` datetime NOT NULL,
  PRIMARY KEY (`id`) USING BTREE
) ENGINE = InnoDB AUTO_INCREMENT = 19 CHARACTER SET = utf8 COLLATE = utf8_general_ci ROW_FORMAT = Compact;

-- ----------------------------
-- Records of django_migrations
-- ----------------------------
INSERT INTO `django_migrations` VALUES (1, 'FaceRecDB', '0001_initial', '2019-04-11 09:00:43');
INSERT INTO `django_migrations` VALUES (2, 'FaceRecDB', '0002_stuinfo', '2019-04-11 09:00:43');
INSERT INTO `django_migrations` VALUES (3, 'FaceRecDB', '0003_contact_tag', '2019-04-11 09:00:43');
INSERT INTO `django_migrations` VALUES (4, 'FaceRecDB', '0004_featureurl', '2019-04-11 09:00:43');
INSERT INTO `django_migrations` VALUES (5, 'contenttypes', '0001_initial', '2019-04-11 09:00:43');
INSERT INTO `django_migrations` VALUES (6, 'auth', '0001_initial', '2019-04-11 09:00:44');
INSERT INTO `django_migrations` VALUES (7, 'admin', '0001_initial', '2019-04-11 09:00:44');
INSERT INTO `django_migrations` VALUES (8, 'admin', '0002_logentry_remove_auto_add', '2019-04-11 09:00:44');
INSERT INTO `django_migrations` VALUES (9, 'contenttypes', '0002_remove_content_type_name', '2019-04-11 09:00:44');
INSERT INTO `django_migrations` VALUES (10, 'auth', '0002_alter_permission_name_max_length', '2019-04-11 09:00:44');
INSERT INTO `django_migrations` VALUES (11, 'auth', '0003_alter_user_email_max_length', '2019-04-11 09:00:44');
INSERT INTO `django_migrations` VALUES (12, 'auth', '0004_alter_user_username_opts', '2019-04-11 09:00:44');
INSERT INTO `django_migrations` VALUES (13, 'auth', '0005_alter_user_last_login_null', '2019-04-11 09:00:44');
INSERT INTO `django_migrations` VALUES (14, 'auth', '0006_require_contenttypes_0002', '2019-04-11 09:00:45');
INSERT INTO `django_migrations` VALUES (15, 'auth', '0007_alter_validators_add_error_messages', '2019-04-11 09:00:45');
INSERT INTO `django_migrations` VALUES (16, 'auth', '0008_alter_user_username_max_length', '2019-04-11 09:00:45');
INSERT INTO `django_migrations` VALUES (17, 'auth', '0009_alter_user_last_name_max_length', '2019-04-11 09:00:45');
INSERT INTO `django_migrations` VALUES (18, 'sessions', '0001_initial', '2019-04-11 09:00:45');

-- ----------------------------
-- Table structure for django_session
-- ----------------------------
DROP TABLE IF EXISTS `django_session`;
CREATE TABLE `django_session`  (
  `session_key` varchar(40) CHARACTER SET utf8 COLLATE utf8_general_ci NOT NULL,
  `session_data` longtext CHARACTER SET utf8 COLLATE utf8_general_ci NOT NULL,
  `expire_date` datetime NOT NULL,
  PRIMARY KEY (`session_key`) USING BTREE,
  INDEX `django_session_expire_date_a5c62663`(`expire_date`) USING BTREE
) ENGINE = InnoDB CHARACTER SET = utf8 COLLATE = utf8_general_ci ROW_FORMAT = Compact;

-- ----------------------------
-- Table structure for face_collect
-- ----------------------------
DROP TABLE IF EXISTS `face_collect`;
CREATE TABLE `face_collect`  (
  `id` int(11) NOT NULL AUTO_INCREMENT COMMENT '主键',
  `student_id` varchar(40) CHARACTER SET utf8 COLLATE utf8_general_ci NULL DEFAULT NULL,
  `feature_id` text CHARACTER SET utf8 COLLATE utf8_general_ci NULL,
  `create_time` timestamp NULL DEFAULT NULL,
  `feature_value` text CHARACTER SET utf8 COLLATE utf8_general_ci NULL,
  PRIMARY KEY (`id`) USING BTREE
) ENGINE = InnoDB AUTO_INCREMENT = 10087 CHARACTER SET = utf8 COLLATE = utf8_general_ci ROW_FORMAT = Compact;

-- ----------------------------
-- Records of face_collect
-- ----------------------------
INSERT INTO `face_collect` VALUES (10046, '1015', '15564665260527422', '2019-04-28 23:48:46', '-0.10136781632900238/0.049440789967775345/0.08209244906902313/-0.036308515816926956/-0.0645248219370842/-0.07448519021272659/-0.04373158514499664/-0.15643757581710815/0.12971816956996918/-0.08710269629955292/0.22941426932811737/-0.0635530948638916/-0.21715709567070007/-0.16584071516990662/-0.019548118114471436/0.17586132884025574/-0.19152775406837463/-0.13266539573669434/-0.018223678693175316/-0.0472065731883049/0.07581783086061478/-0.03790155425667763/0.084387868642807/0.08282434195280075/-0.12354476749897003/-0.43246975541114807/-0.10241282731294632/-0.14710907638072968/-0.02145341783761978/-0.04176533222198486/-0.09685233235359192/0.08575014770030975/-0.21189551055431366/-0.035410892218351364/-0.055007342249155045/0.07837266474962234/-0.01935381256043911/-0.08728062361478806/0.1718185842037201/0.006653239950537682/-0.19849663972854614/0.005076615605503321/-0.014475679025053978/0.18537591397762299/0.16523270308971405/0.026243168860673904/0.08089666813611984/-0.0684317871928215/0.06208798289299011/-0.11300124228000641/-0.007259774953126907/0.15866518020629883/0.042080316692590714/0.0037069753743708134/-0.00477347057312727/-0.12553450465202332/-0.005205126479268074/0.04637083411216736/-0.13685186207294464/0.014228621497750282/0.02237563207745552/-0.13301807641983032/-0.06659416109323502/-0.07393813133239746/0.23319651186466217/0.09569087624549866/-0.09301001578569412/-0.12399311363697052/0.14805059134960175/-0.1410304754972458/-0.06646290421485901/0.012385121546685696/-0.20358531177043915/-0.19371086359024048/-0.31232014298439026/0.05023081228137016/0.36380159854888916/0.07894357293844223/-0.18150590360164642/0.05834877863526344/-0.0701088234782219/0.004893037956207991/0.12684191763401031/0.19030536711215973/-0.01385871134698391/0.07974770665168762/-0.1021704152226448/0.0416349396109581/0.15866421163082123/-0.06919734179973602/-0.04056376591324806/0.23199793696403503/-0.038559362292289734/0.1319461315870285/0.017729545012116432/-0.03146582096815109/-0.019127991050481796/0.07937905937433243/-0.09042052924633026/0.06388092041015625/0.08436684310436249/-0.03805728256702423/-0.018794536590576172/0.05106852948665619/-0.10208748281002045/-0.0014789816923439503/0.010153229348361492/0.008334816433489323/0.012330261990427971/-0.005834929645061493/-0.15767472982406616/-0.1298559010028839/0.11052203923463821/-0.23758326470851898/0.19842499494552612/0.2549956142902374/0.056153763085603714/0.13333073258399963/0.1091328114271164/0.07598260045051575/0.0031774016097187996/-0.0298648439347744/-0.21168829500675201/0.029060568660497665/0.16244038939476013/-0.0033026314340531826/0.04077431932091713/0.006298859603703022');
INSERT INTO `face_collect` VALUES (10047, '1015', '15564665270003924', '2019-04-28 23:48:47', '-0.11410822719335556/0.04381592571735382/0.08193890005350113/-0.035003505647182465/-0.05919455736875534/-0.08499763160943985/-0.05208109691739082/-0.1467178761959076/0.12921462953090668/-0.08538689464330673/0.23864981532096863/-0.05143405869603157/-0.18952181935310364/-0.16691066324710846/-0.008539947681128979/0.18215622007846832/-0.20222385227680206/-0.12315726280212402/-0.02640155702829361/-0.05384732782840729/0.054053761065006256/-0.04710136353969574/0.08637236058712006/0.09296846389770508/-0.11478614062070847/-0.44610708951950073/-0.11799471080303192/-0.15097525715827942/-0.01651754230260849/-0.054393474012613297/-0.07507780194282532/0.09124625474214554/-0.19080103933811188/-0.023341316729784012/-0.05104997009038925/0.08825933933258057/-0.025220705196261406/-0.09480602294206619/0.18324249982833862/0.009195497259497643/-0.18267832696437836/-0.012935440987348557/-0.034524355083703995/0.20399576425552368/0.1664617359638214/0.017285145819187164/0.10779763758182526/-0.0792306512594223/0.08448373526334763/-0.10241464525461197/-0.007730957120656967/0.14892399311065674/0.0472462922334671/-0.0018357941880822182/0.010172105394303799/-0.11325209587812424/0.010848348960280418/0.04683368280529976/-0.131188303232193/0.012628000229597092/0.015881668776273727/-0.14959454536437988/-0.06477316468954086/-0.07488703727722168/0.24680951237678528/0.10168030858039856/-0.08812099695205688/-0.130770742893219/0.17107665538787842/-0.1316937804222107/-0.06546936184167862/0.007219736464321613/-0.19487430155277252/-0.19324274361133575/-0.32320207357406616/0.037861570715904236/0.36187878251075745/0.06260421127080917/-0.192801833152771/0.06255324929952621/-0.07856529951095581/-0.007509239017963409/0.12422721832990646/0.20917005836963654/-0.032183367758989334/0.07211889326572418/-0.11269404739141464/0.0346902459859848/0.17461492121219635/-0.07182243466377258/-0.030844319611787796/0.2145141214132309/-0.036554671823978424/0.12623262405395508/0.028912952169775963/-0.0408618301153183/-0.024862587451934814/0.08838735520839691/-0.07472194731235504/0.07279081642627716/0.08638376742601395/-0.04860854521393776/-0.02432095818221569/0.03732926398515701/-0.10956881940364838/0.01419268362224102/0.0112938042730093/0.008151941001415253/0.011289836838841438/-0.01620999351143837/-0.16958631575107574/-0.13090957701206207/0.12819978594779968/-0.24740560352802277/0.18814879655838013/0.2537405490875244/0.05411514267325401/0.1498803198337555/0.10353679209947586/0.09898407012224197/-0.015334314666688442/-0.033375442028045654/-0.21177448332309723/0.04884786531329155/0.15197709202766418/0.003754141740500927/0.0176970474421978/0.009646166115999222');
INSERT INTO `face_collect` VALUES (10048, '1015', '15564665280090702', '2019-04-28 23:48:48', '-0.09694573283195496/0.04588436335325241/0.0653587058186531/-0.04554928466677666/-0.06000979244709015/-0.07991848886013031/-0.05142638832330704/-0.16047655045986176/0.1358206868171692/-0.09358002245426178/0.22675642371177673/-0.04729274660348892/-0.18632133305072784/-0.16021963953971863/-0.011373884044587612/0.175217404961586/-0.19919678568840027/-0.13089217245578766/-0.02373475953936577/-0.045467309653759/0.05028526857495308/-0.0426216758787632/0.07497912645339966/0.09678902477025986/-0.11692152917385101/-0.43293696641921997/-0.12462017685174942/-0.14245080947875977/-0.02465365268290043/-0.050257667899131775/-0.06749227643013/0.09652997553348541/-0.19013439118862152/-0.019025010988116264/-0.03969747573137283/0.09185268729925156/-0.024519121274352074/-0.10418617725372314/0.17941607534885406/0.014960442669689655/-0.17770907282829285/-0.008715164847671986/-0.035596467554569244/0.20420832931995392/0.15766394138336182/0.009688138961791992/0.10562071204185486/-0.08760685473680496/0.08821018785238266/-0.09956170618534088/-0.007672393694519997/0.14136801660060883/0.05579354241490364/-0.006595746614038944/0.001813695766031742/-0.13468360900878906/0.011741628870368004/0.04124850034713745/-0.14448213577270508/0.014985853806138039/0.0009127818048000336/-0.15786799788475037/-0.07350122928619385/-0.07205287367105484/0.2428297996520996/0.11674322187900543/-0.0902872160077095/-0.12962941825389862/0.18491582572460175/-0.13192567229270935/-0.05883260443806648/-0.005588698200881481/-0.19686074554920197/-0.19604282081127167/-0.3194611072540283/0.0330473929643631/0.364535391330719/0.06066546589136124/-0.20147718489170074/0.06001605838537216/-0.06667257100343704/0.0025674281641840935/0.11384303122758865/0.21921752393245697/-0.04041396081447601/0.06946688890457153/-0.10565254092216492/0.04406295344233513/0.1736104041337967/-0.07505418360233307/-0.04315946251153946/0.2107279747724533/-0.041725195944309235/0.12460101395845413/0.03527532517910004/-0.0426456518471241/-0.023986615240573883/0.08450897783041/-0.07531022280454636/0.07539355754852295/0.08968576043844223/-0.05464082583785057/-0.024421507492661476/0.05546841770410538/-0.1080690547823906/0.015837032347917557/0.01458687987178564/-0.007709222380071878/0.012207312509417534/-0.015390034765005112/-0.16671060025691986/-0.13536420464515686/0.13230334222316742/-0.24472300708293915/0.19253788888454437/0.24717742204666138/0.0488961897790432/0.16276615858078003/0.09477745741605759/0.10475749522447586/-0.0074975760653615/-0.032122284173965454/-0.21066619455814362/0.044121235609054565/0.14715179800987244/0.009100634604692459/0.019436661154031754/0.006799797527492046');
INSERT INTO `face_collect` VALUES (10049, '1015', '15564665290366485', '2019-04-28 23:48:49', '-0.11506272107362747/0.04050204157829285/0.07769839465618134/-0.03272010013461113/-0.06164667010307312/-0.08888023346662521/-0.03939935192465782/-0.14988774061203003/0.14012372493743896/-0.0910586565732956/0.23835034668445587/-0.06844039261341095/-0.2009335458278656/-0.1521761566400528/-0.016623441129922867/0.17265939712524414/-0.18130749464035034/-0.1296566277742386/-0.027749255299568176/-0.03275057673454285/0.06104451045393944/-0.04638773575425148/0.08151260763406754/0.09972961992025375/-0.14070552587509155/-0.4491211473941803/-0.11966383457183838/-0.14026091992855072/-0.029012709856033325/-0.04760995879769325/-0.06504753232002258/0.0969298705458641/-0.18581342697143555/-0.019601646810770035/-0.050727326422929764/0.08425787091255188/-0.026305219158530235/-0.10872534662485123/0.18153877556324005/0.014797610230743885/-0.22225245833396912/-0.009040040895342827/-0.03207845613360405/0.20278772711753845/0.13371384143829346/0.015478148125112057/0.0986044853925705/-0.09162057936191559/0.07427014410495758/-0.09898853302001953/-0.02115563489496708/0.1580137312412262/0.03276371955871582/-0.011664684861898422/0.00679131830111146/-0.11572296917438507/0.02055199071764946/0.05366474390029907/-0.1512315273284912/0.007039614021778107/0.006663714535534382/-0.1559997797012329/-0.05354037508368492/-0.07781139761209488/0.22277610003948212/0.11169905215501785/-0.08186402916908264/-0.11336194723844528/0.18639732897281647/-0.12776769697666168/-0.05551471188664436/0.017652053385972977/-0.18770061433315277/-0.2142016589641571/-0.31405362486839294/0.029940003529191017/0.3716803789138794/0.07233387976884842/-0.18541228771209717/0.05718129128217697/-0.07380363345146179/0.0005696653388440609/0.11854646354913712/0.21490488946437836/-0.034664228558540344/0.06481155008077621/-0.11855100840330124/0.037221480160951614/0.1753678172826767/-0.06675121188163757/-0.02750963345170021/0.21257004141807556/-0.029518961906433105/0.11003953218460083/0.029928695410490036/-0.02956785261631012/-0.05635610967874527/0.0864977315068245/-0.07463130354881287/0.06020445004105568/0.10343420505523682/-0.044369302690029144/-0.018846381455659866/0.05120144039392471/-0.11776693910360336/0.021281259134411812/0.025279805064201355/-0.019032828509807587/0.026203082874417305/-0.0020325726363807917/-0.13765205442905426/-0.13125935196876526/0.11259597539901733/-0.23478281497955322/0.18819905817508698/0.24061918258666992/0.05945894122123718/0.16052038967609406/0.10150146484375/0.09057100117206573/-0.02353859506547451/-0.04012268781661987/-0.20944459736347198/0.0323641337454319/0.14819683134555817/0.004592691082507372/0.031060360372066498/-0.0011712666600942612');
INSERT INTO `face_collect` VALUES (10050, '1015', '15564666479159667', '2019-04-28 23:50:48', '-0.0966789722442627/0.032316144555807114/0.06930509954690933/-0.024588551372289658/-0.04989881440997124/-0.07568250596523285/-0.07874967157840729/-0.16764585673809052/0.13877880573272705/-0.12046098709106445/0.24640603363513947/-0.05359489843249321/-0.1895950436592102/-0.16069264709949493/-0.03554302453994751/0.17459866404533386/-0.20675455033779144/-0.1326727271080017/-0.030278384685516357/-0.04759817570447922/0.04889669269323349/-0.03900847211480141/0.06729663908481598/0.048426929861307144/-0.1305662989616394/-0.4173976480960846/-0.1388280689716339/-0.14538201689720154/-0.011135638691484928/-0.044552866369485855/-0.08052267879247665/0.0761902704834938/-0.16769617795944214/-0.01866866648197174/-0.032001711428165436/0.10252496600151062/-0.026135655120015144/-0.0983501449227333/0.1901969164609909/0.002651263028383255/-0.19505895674228668/-0.002888477873057127/-0.018903519958257675/0.1845773309469223/0.13989777863025665/0.03810681030154228/0.08373887836933136/-0.09260186553001404/0.1029704362154007/-0.08710203319787979/0.007616875693202019/0.15082253515720367/0.08139175176620483/0.025592394173145294/0.0031093768775463104/-0.1360156536102295/0.01779244840145111/0.07193335890769958/-0.13550809025764465/0.01407247968018055/0.00579900573939085/-0.173905149102211/-0.04994426667690277/-0.0419938825070858/0.23181872069835663/0.11907587945461273/-0.08517497032880783/-0.13231217861175537/0.1867283284664154/-0.13570892810821533/-0.07706835120916367/0.0023701097816228867/-0.18327590823173523/-0.19839632511138916/-0.33575424551963806/0.024901200085878372/0.3539222776889801/0.060470856726169586/-0.19043348729610443/0.05368371307849884/-0.03558865562081337/-0.008880466222763062/0.11865166574716568/0.21929529309272766/-0.057320162653923035/0.07669595628976822/-0.11583718657493591/-0.0013161934912204742/0.19487278163433075/-0.07761509716510773/-0.04555439576506615/0.19517205655574799/-0.04260285943746567/0.13138459622859955/0.044879503548145294/-0.03379221633076668/-0.03324572741985321/0.053443726152181625/-0.07250110805034637/0.048296280205249786/0.10524515062570572/-0.05607757344841957/-0.03868042305111885/0.04525444284081459/-0.09737099707126617/0.01980453170835972/0.005888575688004494/-0.011682689189910889/0.004485531710088253/-0.018087031319737434/-0.13869817554950714/-0.12240040302276611/0.1421651840209961/-0.23379471898078918/0.20217828452587128/0.24620306491851807/0.06371799856424332/0.17842766642570496/0.12808729708194733/0.0997999906539917/-0.024439388886094093/-0.031669698655605316/-0.2084968537092209/0.0029821046628057957/0.13306736946105957/0.020903440192341805/0.04803403839468956/0.013583668507635593');
INSERT INTO `face_collect` VALUES (10051, '1015', '15565062752808206', '2019-04-29 10:51:16', '-0.11258380115032196/0.03703705221414566/0.07191787660121918/-0.04721655324101448/-0.06846390664577484/-0.09469997137784958/-0.05970573425292969/-0.11747999489307404/0.13168546557426453/-0.09969452768564224/0.291147917509079/-0.030976520851254463/-0.1749390959739685/-0.17876756191253662/-0.03430713713169098/0.21575859189033508/-0.18935002386569977/-0.15065783262252808/-0.03577563911676407/-0.02207445353269577/0.09297984093427658/-0.06655488163232803/0.05608934164047241/0.11035007983446121/-0.11583005636930466/-0.40706735849380493/-0.14114949107170105/-0.08007481694221497/-0.05276217311620712/-0.0717531144618988/-0.04571019485592842/0.14111092686653137/-0.2017931044101715/-0.04510306566953659/-0.016599826514720917/0.12564924359321594/-0.02070813998579979/-0.0811021700501442/0.166716068983078/-0.0035448051057755947/-0.20305612683296204/0.0585939884185791/0.013272608630359173/0.2279278039932251/0.16511684656143188/0.034328240901231766/0.08498282730579376/-0.0745190680027008/0.10376334935426712/-0.13363313674926758/0.015254853293299675/0.15732645988464355/0.11473419517278671/0.01683586835861206/0.006221334915608168/-0.09427978098392487/0.03912026435136795/0.10057353228330612/-0.14253577589988708/-0.011778983287513256/-0.00036194687709212303/-0.16153228282928467/-0.04126483201980591/-0.07986757159233093/0.2054690271615982/0.12764795124530792/-0.09916213154792786/-0.1866092085838318/0.14509937167167664/-0.11166595667600632/-0.10678710788488388/0.04240778088569641/-0.2122311294078827/-0.188510000705719/-0.36142897605895996/0.05631861090660095/0.3794015645980835/0.050330664962530136/-0.19102364778518677/0.0913766622543335/-0.03981633856892586/-0.0006349929608404636/0.06438092887401581/0.1864757537841797/-0.04517640173435211/0.036716315895318985/-0.14811642467975616/0.027671925723552704/0.18796660006046295/-0.059144794940948486/-0.05276118218898773/0.20583145320415497/-0.01653396151959896/0.11716011166572571/0.024865567684173584/-0.015200062654912472/-0.01701720803976059/0.09381455183029175/-0.09756024926900864/0.051053740084171295/0.054392166435718536/-0.013548593968153/-0.05729468911886215/0.038588106632232666/-0.09964951872825623/0.02667653001844883/-0.01631070487201214/0.03210887685418129/-0.01866191439330578/0.015948515385389328/-0.18226930499076843/-0.11318563669919968/0.07071911543607712/-0.2627401053905487/0.1937396377325058/0.23207536339759827/0.06447377800941467/0.119241863489151/0.15090513229370117/0.09475015848875046/0.001978907734155655/-0.04204961657524109/-0.19361305236816406/0.015559263527393341/0.18165485560894012/0.008076539263129234/0.051296744495630264/0.008299245499074459');
INSERT INTO `face_collect` VALUES (10052, '1015', '1556506276208359', '2019-04-29 10:51:16', '-0.09056176245212555/0.03575317561626434/0.06756123900413513/-0.05742231011390686/-0.0651329904794693/-0.0815693661570549/-0.06505435705184937/-0.12385040521621704/0.12768176198005676/-0.11606500297784805/0.29347914457321167/-0.035932186990976334/-0.17794126272201538/-0.17292888462543488/-0.03511282801628113/0.19775600731372833/-0.18894241750240326/-0.15323494374752045/-0.02976381592452526/-0.012127755209803581/0.08990435302257538/-0.06805821508169174/0.051252610981464386/0.09984786063432693/-0.11819721758365631/-0.40957480669021606/-0.16709004342556/-0.07823168486356735/-0.03752376139163971/-0.060307133942842484/-0.04665214195847511/0.13762442767620087/-0.1956828087568283/-0.04108425974845886/-0.012760553508996964/0.10673597455024719/-0.003870584536343813/-0.08408200740814209/0.16495481133460999/-0.0005375593900680542/-0.19975882768630981/0.06587564200162888/0.014638403430581093/0.2324901968240738/0.1532416045665741/0.03737654536962509/0.09153025597333908/-0.08896571397781372/0.10749891400337219/-0.11011026054620743/0.024968374520540237/0.16098906099796295/0.10818692296743393/0.016802683472633362/0.005722903646528721/-0.0965372696518898/0.03414935991168022/0.10549704730510712/-0.12845902144908905/-0.001959627727046609/0.004186378326267004/-0.14520369470119476/-0.03973575681447983/-0.09470066428184509/0.20609471201896667/0.11502309888601303/-0.1025812104344368/-0.1929471790790558/0.15666735172271729/-0.1058301106095314/-0.09790140390396118/0.037815846502780914/-0.22542361915111542/-0.17602892220020294/-0.3437882959842682/0.060132987797260284/0.37790369987487793/0.05137414112687111/-0.18865668773651123/0.09860729426145554/-0.04564696550369263/-0.005103900097310543/0.06166708841919899/0.1937781125307083/-0.0460280105471611/0.046042658388614655/-0.13640166819095612/0.030831962823867798/0.19845573604106903/-0.0613236278295517/-0.04036521166563034/0.21053823828697205/-0.025138093158602715/0.116785429418087/0.03335675969719887/-0.01930561102926731/-0.031359992921352386/0.08421606570482254/-0.10492892563343048/0.05072759836912155/0.05283094570040703/-0.02354089543223381/-0.06188972666859627/0.051259227097034454/-0.10230410099029541/0.032008588314056396/-0.015035789459943771/0.028457239270210266/-0.010179191827774048/0.015496943145990372/-0.17099711298942566/-0.11866892874240875/0.08039575815200806/-0.2585009038448334/0.18022722005844116/0.21884365379810333/0.08080151677131653/0.11640573292970657/0.15535588562488556/0.10600459575653076/-0.0033655790612101555/-0.042083751410245895/-0.2032177746295929/0.015442396514117718/0.17910370230674744/0.004118268843740225/0.04500965401530266/-0.0017824317328631878');
INSERT INTO `face_collect` VALUES (10053, '1015', '15565062938178842', '2019-04-29 10:51:34', '-0.10872210562229156/0.04077668488025665/0.05647002160549164/-0.06133449822664261/-0.06522641330957413/-0.10767611861228943/-0.05770350992679596/-0.12140224128961563/0.13639238476753235/-0.10844133049249649/0.27491891384124756/-0.036227039992809296/-0.19074036180973053/-0.1428341418504715/-0.038660433143377304/0.20299683511257172/-0.18122562766075134/-0.14303532242774963/-0.04445577412843704/-0.0011359453201293945/0.07221221923828125/-0.0718773826956749/0.0666123703122139/0.11198394745588303/-0.10168784856796265/-0.41028323769569397/-0.15469221770763397/-0.08259018510580063/-0.04985038936138153/-0.05474112182855606/-0.0360473096370697/0.11889281123876572/-0.19347527623176575/-0.033307358622550964/-0.017548352479934692/0.08703728765249252/-0.015592283569276333/-0.08002075552940369/0.1677674651145935/0.009627841413021088/-0.2114776372909546/0.04688197001814842/0.01676288992166519/0.23324698209762573/0.16173215210437775/0.037124596536159515/0.08993660658597946/-0.09018514305353165/0.08703931421041489/-0.13902345299720764/0.01345927082002163/0.1562049239873886/0.0867140144109726/0.013505793176591396/0.015353018417954445/-0.08891402184963226/0.0631345584988594/0.08853404968976974/-0.1278751790523529/-0.0047608595341444016/0.029431737959384918/-0.1303236037492752/-0.05871786177158356/-0.07102857530117035/0.22063381969928741/0.1209077388048172/-0.11024238169193268/-0.16879938542842865/0.13430330157279968/-0.12228463590145111/-0.088335782289505/0.03136986494064331/-0.21170301735401154/-0.1847565770149231/-0.33337661623954773/0.03500483185052872/0.36113131046295166/0.05844637379050255/-0.17291641235351562/0.10567259043455124/-0.06314829736948013/0.014546740800142288/0.07626790553331375/0.17937159538269043/-0.04378357529640198/0.02279690094292164/-0.13414733111858368/0.030975384637713432/0.18746937811374664/-0.06587549299001694/-0.027455229312181473/0.21060413122177124/-0.02185407094657421/0.10039003938436508/0.013977388851344585/-0.011297382414340973/-0.026495004072785378/0.07950146496295929/-0.08258283138275146/0.06324887275695801/0.06810080260038376/-0.013062357902526855/-0.057563599199056625/0.0328839048743248/-0.13106460869312286/0.02911282703280449/-0.006547228433191776/0.03195423632860184/0.0180995874106884/0.01565893366932869/-0.16076217591762543/-0.11603309959173203/0.06672746688127518/-0.25683319568634033/0.20382343232631683/0.2277466356754303/0.05759427696466446/0.09949778020381927/0.13500770926475525/0.08580633997917175/-0.004542093724012375/-0.031506042927503586/-0.19362638890743256/0.01530863344669342/0.15908265113830566/-0.0034023751504719257/0.03218598663806915/-0.007224138360470533');
INSERT INTO `face_collect` VALUES (10054, '1085', '1556704328775175', '2019-05-01 17:52:09', '-0.20472313463687897/0.14842398464679718/0.06966252624988556/-0.0978652685880661/-0.14488999545574188/-0.07339020073413849/-0.06165682524442673/-0.12320839613676071/0.1406184732913971/-0.10510491579771042/0.2301906943321228/-0.11437328904867172/-0.204156294465065/-0.06983784586191177/-0.045301489531993866/0.2291778028011322/-0.21603330969810486/-0.0961383581161499/-0.004823625087738037/0.021721016615629196/0.12932482361793518/0.015471557155251503/-0.04014602303504944/0.05625389516353607/-0.11402823030948639/-0.36477094888687134/-0.12433816492557526/-0.04567611962556839/-0.002922649495303631/-0.04016590863466263/-0.0092857014387846/0.010018465109169483/-0.16682294011116028/-0.09170861542224884/0.010526791214942932/0.07041437178850174/-0.03437119722366333/-0.1171380952000618/0.11417306214570999/-0.054652050137519836/-0.24893014132976532/0.0164443701505661/0.13263347744941711/0.20580711960792542/0.1661527007818222/0.03884105756878853/0.04302234202623367/-0.18079623579978943/0.13940654695034027/-0.1448983997106552/-0.05209146440029144/0.11467844247817993/0.03673044592142105/0.07939985394477844/0.024134721606969833/-0.11782681941986084/0.06241634115576744/0.18332771956920624/-0.2140350043773651/0.01620350033044815/0.11814245581626892/-0.08148510009050369/0.005964674986898899/-0.1018725112080574/0.22615931928157806/0.08656425774097443/-0.1380092352628708/-0.1430448442697525/0.14551155269145966/-0.11500441282987595/-0.07507232576608658/0.014399232342839241/-0.12801343202590942/-0.22549821436405182/-0.31714385747909546/0.0182491485029459/0.3296506404876709/0.12860360741615295/-0.13545569777488708/0.059411320835351944/-0.0012127563823014498/0.00618443638086319/0.11482806503772736/0.18724273145198822/-0.0187172032892704/-0.01839490607380867/-0.052733853459358215/0.01120602898299694/0.21934650838375092/-0.03390725702047348/0.05678923800587654/0.25148677825927734/0.006407501175999641/0.04998500645160675/-0.006416967138648033/0.05763481557369232/-0.13376948237419128/0.050636712461709976/-0.08731850981712341/0.03319460153579712/0.04029754176735878/-0.06906426697969437/0.025485580787062645/0.11530821025371552/-0.14115513861179352/0.12888067960739136/0.0032802759669721127/0.058357011526823044/-0.03767319768667221/-0.04516800493001938/-0.04162287712097168/-0.005338787101209164/0.10148803144693375/-0.17597900331020355/0.23333804309368134/0.1641313135623932/0.03132471442222595/0.1499965786933899/0.14188355207443237/0.0782865658402443/-0.007855243049561977/-0.03999155014753342/-0.1787072718143463/-0.0039864531718194485/0.12556003034114838/-0.0865829735994339/0.11812348663806915/0.004293268546462059');
INSERT INTO `face_collect` VALUES (10055, '1085', '15567043304713297', '2019-05-01 17:52:10', '-0.21375572681427002/0.15883727371692657/0.0365009680390358/-0.12616799771785736/-0.1475624293088913/-0.06841626763343811/-0.05759315565228462/-0.12456338852643967/0.13699543476104736/-0.10160674899816513/0.22800955176353455/-0.10354546457529068/-0.20519132912158966/-0.07914271205663681/-0.05801940709352493/0.23850972950458527/-0.2279309779405594/-0.10214044153690338/0.008229684084653854/0.005902585573494434/0.14438173174858093/0.025633061304688454/-0.028844861313700676/0.05791435390710831/-0.12923721969127655/-0.35652410984039307/-0.10642684996128082/-0.042574040591716766/-0.01080800499767065/-0.036303307861089706/0.00515415845438838/0.03107861988246441/-0.17963622510433197/-0.05863366276025772/0.022360490635037422/0.09603865444660187/-0.022393424063920975/-0.10352522879838943/0.12398925423622131/-0.03488221392035484/-0.2586161494255066/0.024538714438676834/0.1326325684785843/0.22796078026294708/0.16779902577400208/0.01685340516269207/0.04458794742822647/-0.176985964179039/0.14290113747119904/-0.14585036039352417/-0.0458943247795105/0.11320005357265472/0.017146673053503036/0.06291620433330536/0.017859840765595436/-0.10821322351694107/0.05369258671998978/0.1711047887802124/-0.19599612057209015/-0.004363022744655609/0.12692470848560333/-0.0800369530916214/-0.011624014005064964/-0.12826068699359894/0.2217264175415039/0.0813998207449913/-0.15013998746871948/-0.15857727825641632/0.14043477177619934/-0.12116051465272903/-0.09222139418125153/0.03869403153657913/-0.12941929697990417/-0.21220862865447998/-0.32115042209625244/0.018149035051465034/0.34181085228919983/0.13529753684997559/-0.13124535977840424/0.057486314326524734/0.0022375890985131264/0.011841668747365475/0.1380957067012787/0.19385333359241486/-0.0026308633387088776/-0.001466359943151474/-0.05363414064049721/0.016878249123692513/0.24461577832698822/-0.039141569286584854/0.026024701073765755/0.252395361661911/0.015556346625089645/0.06754281371831894/-0.019818643108010292/0.05625858157873154/-0.11377225816249847/0.04750653728842735/-0.09189948439598083/0.03619788587093353/0.022311292588710785/-0.0734347477555275/0.005919913295656443/0.12775933742523193/-0.14455440640449524/0.12873919308185577/0.008802913129329681/0.06024521589279175/-0.04991190880537033/-0.026792511343955994/-0.04629064351320267/-0.00449339859187603/0.08397708088159561/-0.19030888378620148/0.23745866119861603/0.17899611592292786/0.04045495763421059/0.13843970000743866/0.15071973204612732/0.06678413599729538/-0.0015516001731157303/-0.042999137192964554/-0.18187470734119415/-0.01692899502813816/0.1251058280467987/-0.08039578795433044/0.12053019553422928/-0.00397409126162529');
INSERT INTO `face_collect` VALUES (10056, '1085', '15567043320573134', '2019-05-01 17:52:12', '-0.20891816914081573/0.13748370110988617/0.06368187069892883/-0.11178278177976608/-0.14702299237251282/-0.07206495106220245/-0.06945061683654785/-0.11883772909641266/0.12366559356451035/-0.11335092037916183/0.21906328201293945/-0.11168571561574936/-0.20996227860450745/-0.05910909175872803/-0.04016682505607605/0.2346232384443283/-0.22717875242233276/-0.09680304676294327/0.01711878925561905/0.015154723078012466/0.12780040502548218/0.011673673056066036/-0.02288847230374813/0.04698453098535538/-0.13383355736732483/-0.36669260263442993/-0.10376991331577301/-0.05037613958120346/-0.016266096383333206/-0.012869535945355892/-0.009212812408804893/0.020210033282637596/-0.1701047271490097/-0.05518345534801483/0.029134562239050865/0.09179774671792984/-0.03668138012290001/-0.10884351283311844/0.12114226818084717/-0.040474068373441696/-0.2628871202468872/0.004406687803566456/0.12543810904026031/0.20712928473949432/0.16224989295005798/0.018614649772644043/0.05745413154363632/-0.16884870827198029/0.13212868571281433/-0.13485655188560486/-0.05254016071557999/0.10676143318414688/0.03419807553291321/0.07012409716844559/0.02154209464788437/-0.11346174776554108/0.06719423085451126/0.16728857159614563/-0.19641438126564026/-0.0038882545195519924/0.129035085439682/-0.07852249592542648/-0.0019725747406482697/-0.11314380168914795/0.23869368433952332/0.07102180272340775/-0.14862672984600067/-0.1646983027458191/0.13157114386558533/-0.10993905365467072/-0.08392778784036636/0.04339592903852463/-0.1398298442363739/-0.21890400350093842/-0.3123432993888855/0.010962056927382946/0.3222687244415283/0.13294750452041626/-0.12194116413593292/0.05637175589799881/-0.0008964607259258628/0.010154413059353828/0.12451580166816711/0.2001289278268814/0.00020522437989711761/0.00889787171036005/-0.03948935121297836/0.010166828520596027/0.22450384497642517/-0.05286507308483124/0.025787614285945892/0.23227909207344055/0.004762610420584679/0.055796775966882706/-0.023519206792116165/0.039508845657110214/-0.12264115363359451/0.05376243218779564/-0.08220884203910828/0.018948866054415703/0.032612696290016174/-0.06602485477924347/0.023727847263216972/0.12192379683256149/-0.15519674122333527/0.12117273360490799/-0.00927257351577282/0.05556867644190788/-0.03560404106974602/-0.02653328701853752/-0.05096764490008354/-0.011455666273832321/0.08269955217838287/-0.20383448898792267/0.22430047392845154/0.1871473491191864/0.04598694667220116/0.13604936003684998/0.14397692680358887/0.05510547757148743/-0.0015064440667629242/-0.02138969674706459/-0.1810096800327301/-0.008594975806772709/0.12415789812803268/-0.07400178164243698/0.12357410043478012/-0.008395221084356308');
INSERT INTO `face_collect` VALUES (10057, '1086', '15578327359105', '2019-05-14 19:18:56', '-0.11825475096702576/0.018827158957719803/0.02467656508088112/-0.0656273290514946/-0.08462859690189362/-0.09293495118618011/-0.00372209120541811/-0.11904724687337875/0.09772229939699173/-0.09003044664859772/0.2834780812263489/-0.14995986223220825/-0.1997898668050766/-0.14205393195152283/0.0046389345079660416/0.20168575644493103/-0.24413134157657623/-0.08206164091825485/-0.052487656474113464/0.008071565069258213/0.06116463616490364/0.0007345395861193538/0.03637993335723877/0.0727538913488388/-0.058618247509002686/-0.33893126249313354/-0.06820458173751831/-0.076344333589077/0.06701226532459259/-0.023356400430202484/-0.014631664380431175/0.04303118214011192/-0.1832229495048523/-0.08226548880338669/0.0628557950258255/0.07844917476177216/-0.046771079301834106/-0.1117437481880188/0.1994864046573639/-0.00673951581120491/-0.2431594729423523/-0.03459613770246506/0.0719461739063263/0.23777666687965393/0.15191836655139923/0.07340355962514877/-0.044751256704330444/-0.16333505511283875/0.13866586983203888/-0.22489283978939056/0.02535400353372097/0.11419256776571274/0.08132059127092361/0.024902019649744034/0.024627527222037315/-0.12110260874032974/0.062107477337121964/0.12565933167934418/-0.23173296451568604/-0.013620981946587563/0.07120763510465622/-0.04804740101099014/-0.020786922425031662/-0.16738657653331757/0.21724006533622742/0.06725635379552841/-0.15310809016227722/-0.10983049869537354/0.094246506690979/-0.13442111015319824/-0.08833564072847366/0.09233126789331436/-0.09254390001296997/-0.22241021692752838/-0.3469851016998291/-0.013566387817263603/0.3764135539531708/0.1338961273431778/-0.19412526488304138/-0.03043496049940586/0.005487523507326841/-0.043056681752204895/0.13493229448795319/0.18390245735645294/-0.04610240459442139/0.026074763387441635/-0.063233382999897/-0.04364689067006111/0.1485367715358734/-0.0708695575594902/-0.021595565602183342/0.24815475940704346/-0.016134820878505707/0.047111332416534424/0.004805548582226038/0.011506330221891403/-0.06830878555774689/0.03069661557674408/-0.13918325304985046/-0.05233361944556236/0.09461149573326111/-0.06227365881204605/0.024456046521663666/0.10094792395830154/-0.19569134712219238/0.1314898282289505/0.010735668241977692/-0.02434825897216797/0.059052132070064545/-0.06489968299865723/-0.067024827003479/-0.03645148128271103/0.11228252202272415/-0.2419879138469696/0.16889595985412598/0.19761665165424347/0.10272686183452606/0.15072138607501984/0.10195342451334/0.07018047571182251/-0.05135711655020714/-0.03039422444999218/-0.18469418585300446/-0.030142584815621376/0.11156024783849716/-0.02510753646492958/0.11417903751134872/-0.029526621103286743');
INSERT INTO `face_collect` VALUES (10058, '1086', '15578327371139948', '2019-05-14 19:18:57', '-0.11067265272140503/0.024027913808822632/0.03377701714634895/-0.06789237260818481/-0.1261393427848816/-0.10139977931976318/-0.01305752620100975/-0.11024749279022217/0.07753172516822815/-0.09335915744304657/0.28125306963920593/-0.16933736205101013/-0.22176717221736908/-0.11669960618019104/0.010149212554097176/0.1859242022037506/-0.2349521815776825/-0.05474530905485153/-0.06158823519945145/0.02045893296599388/0.027451757341623306/-0.03762904927134514/0.03879759460687637/0.06626282632350922/-0.05047127604484558/-0.3753723204135895/-0.043481964617967606/-0.07451224327087402/0.04974332079291344/-0.026678016409277916/-0.027140788733959198/0.05423463135957718/-0.1842334121465683/-0.08586224913597107/0.041221797466278076/0.05871327221393585/-0.046463899314403534/-0.0779527872800827/0.20644526183605194/-0.029449980705976486/-0.2749306857585907/-0.04475356638431549/0.04986400157213211/0.21711544692516327/0.1371285617351532/0.07501541823148727/-0.024654939770698547/-0.13492366671562195/0.16067278385162354/-0.24473987519741058/0.026732655242085457/0.1239498108625412/0.05629647150635719/-0.004101370461285114/0.013472067192196846/-0.11961213499307632/0.03391823545098305/0.1298651397228241/-0.21230706572532654/-0.01782822422683239/0.10415873676538467/-0.04323103278875351/-0.008556286804378033/-0.17185907065868378/0.24790151417255402/0.09249936789274216/-0.1612376868724823/-0.0885787084698677/0.09409533441066742/-0.13327816128730774/-0.05068068578839302/0.06147158518433571/-0.09329462051391602/-0.21365611255168915/-0.3415420949459076/-0.007200498133897781/0.3496343791484833/0.12157008796930313/-0.1812325417995453/-0.06527047604322433/-0.03417377918958664/-0.034570544958114624/0.1431301236152649/0.1722463071346283/-0.029420219361782074/0.031145067885518074/-0.051514770835638046/-0.0419783890247345/0.16015803813934326/-0.0874885767698288/-0.005086290184408426/0.24232815206050873/-0.014460966922342777/0.06099405139684677/-0.009848857298493385/0.005940076429396868/-0.09837284684181213/0.008575882762670517/-0.14454501867294312/0.005010903347283602/0.06491507589817047/-0.06332627683877945/0.02160780318081379/0.10133083164691925/-0.18317675590515137/0.12725183367729187/-0.004480339586734772/-0.00811106339097023/0.04802221804857254/-0.05975497141480446/-0.05201138183474541/-0.06884723156690598/0.10143596678972244/-0.21543444693088531/0.18688125908374786/0.18015684187412262/0.10187219083309174/0.14180146157741547/0.09779300540685654/0.038813717663288116/-0.03973731771111488/-0.021060120314359665/-0.1746445894241333/-0.033311355859041214/0.11639589071273804/-0.0411563403904438/0.09454774856567383/-0.04032384604215622');
INSERT INTO `face_collect` VALUES (10059, '1015', '15583506336665108', '2019-05-20 19:10:34', '-0.0927162766456604/0.059171199798583984/0.05625306814908981/-0.033413827419281006/-0.09398233890533447/-0.09076172113418579/-0.07850489020347595/-0.146839439868927/0.11058139055967331/-0.09711147844791412/0.2821984589099884/-0.018109258264303207/-0.16786149144172668/-0.17670078575611115/-0.04783563315868378/0.20238010585308075/-0.2035641074180603/-0.1414131224155426/-0.05008263885974884/0.020705197006464005/0.059384264051914215/-0.06859084218740463/0.08434237539768219/0.07809358090162277/-0.10135768353939056/-0.39321163296699524/-0.13409726321697235/-0.10267644375562668/-0.04184042662382126/-0.046060219407081604/-0.07326004654169083/0.08646244555711746/-0.20352321863174438/-0.06731461733579636/-0.014232189394533634/0.10834871232509613/-0.020733563229441643/-0.0770278051495552/0.18017704784870148/-0.019691474735736847/-0.2055797576904297/0.06932997703552246/0.019998621195554733/0.22812038660049438/0.1979198455810547/0.02889980934560299/0.07893868535757065/-0.08157771825790405/0.11075218766927719/-0.12997548282146454/0.007041487842798233/0.14468920230865479/0.10837951302528381/0.021461887285113335/-0.00595073401927948/-0.09437133371829987/0.06652922928333282/0.09220046550035477/-0.12585920095443726/-0.014844286255538464/0.03267090395092964/-0.14081983268260956/-0.040060486644506454/-0.069176085293293/0.219447061419487/0.09435321390628815/-0.09181425720453262/-0.17487767338752747/0.11765076965093613/-0.12456648796796799/-0.0939629077911377/0.02530909888446331/-0.22183667123317719/-0.1851160228252411/-0.3666689395904541/0.018173947930336/0.3643697202205658/0.07715592533349991/-0.19815418124198914/0.07522071152925491/-0.04766922444105148/0.008751431480050087/0.07888074219226837/0.17460572719573975/-0.014214633032679558/0.038030434399843216/-0.16339828073978424/0.022378135472536087/0.19514323770999908/-0.08958667516708374/-0.033293478190898895/0.20821085572242737/-0.008843503892421722/0.1023276224732399/0.025932280346751213/-0.01092439889907837/-0.01856176182627678/0.08394347131252289/-0.10270672291517258/0.07332728058099747/0.062124282121658325/-0.02554336190223694/-0.04566993564367294/0.040099263191223145/-0.10942945629358292/0.021001122891902924/-0.02148713357746601/0.046356815844774246/-0.0020465697161853313/-0.02635575458407402/-0.15581846237182617/-0.10840865969657898/0.09967998415231705/-0.23227867484092712/0.2144254893064499/0.2392907440662384/0.05286136642098427/0.10721287131309509/0.14060454070568085/0.08288832008838654/-0.03149745985865593/-0.012760551646351814/-0.20408017933368683/-0.002913001924753189/0.13479679822921753/-0.00963518489152193/0.07399439811706543/0.015961049124598503');
INSERT INTO `face_collect` VALUES (10060, '1087', '15586017779013278', '0000-00-00 00:00:00', '-0.039706844836473465/-0.022098194807767868/0.0700635090470314/-0.09532038122415543/-0.05220738798379898/0.013911155983805656/-0.07333474606275558/-0.08940718322992325/0.17538723349571228/-0.2340971827507019/0.16765187680721283/-0.0702040046453476/-0.16645292937755585/0.04774453118443489/-0.04750630632042885/0.2455684244632721/-0.1256522834300995/-0.21484549343585968/-0.04197435826063156/0.024224814027547836/0.06773173809051514/0.006627448368817568/-0.09762442111968994/0.08282434195280075/-0.13194803893566132/-0.2722543179988861/-0.11290252208709717/-0.0717061385512352/-0.08270108699798584/-0.09938355535268784/-0.036284562200307846/0.027161654084920883/-0.1389731615781784/0.05187080428004265/0.006021883338689804/0.12275893241167068/-0.036835748702287674/-0.13580694794654846/0.135308176279068/0.11344779282808304/-0.345699667930603/0.0861603245139122/0.02866358868777752/0.2670447528362274/0.19228488206863403/-0.019981389865279198/-0.04931732267141342/-0.1268567144870758/0.11622948199510574/-0.29093363881111145/0.023668743669986725/0.09141982346773148/0.08660892397165298/0.10628747195005417/0.029252180829644203/-0.08941280096769333/0.09100833535194397/0.11953108012676239/-0.2599862515926361/0.0518483929336071/0.08121535181999207/-0.06657510250806808/0.04387660697102547/-0.08903028815984726/0.1944507211446762/0.1918901801109314/-0.13866907358169556/-0.1759798228740692/0.11905834078788757/-0.1992601901292801/-0.14103810489177704/0.07837902754545212/-0.1348583698272705/-0.25351303815841675/-0.28178927302360535/0.004491633735597134/0.40080052614212036/0.21481598913669586/-0.20513559877872467/0.05478135123848915/0.03990180790424347/-0.00962578784674406/0.14158600568771362/0.20252980291843414/0.05507972091436386/0.04209396615624428/-0.009755909442901611/-0.019298702478408813/0.2661358714103699/-0.013975641690194607/-0.05198344588279724/0.22480352222919464/-0.05078236013650894/0.0008363546803593636/0.014928169548511505/0.046671316027641296/-0.0432770699262619/0.011988798156380653/-0.18779592216014862/-0.1024438738822937/-0.0710189938545227/0.03445177897810936/-0.01219937950372696/0.1177506297826767/-0.1560545563697815/0.22184205055236816/-0.023322731256484985/-0.043349746614694595/-0.01539352536201477/0.08007095009088516/-0.08518681675195694/-7.290462963283062e-05/0.14150965213775635/-0.20824792981147766/0.14892978966236115/0.1855420470237732/0.12794458866119385/0.05346720293164253/0.10759320110082626/0.05413198471069336/-0.016736116260290146/-0.03566298633813858/-0.2516658902168274/-0.015539288520812988/0.07971518486738205/-0.013355426490306854/0.11398317664861679/0.009212968870997429');
INSERT INTO `face_collect` VALUES (10061, '1087', '15586017783723464', '0000-00-00 00:00:00', '-0.006079506129026413/0.04565132409334183/0.03888794779777527/-0.09371402114629745/-0.06173529103398323/0.023015225306153297/-0.04944789409637451/-0.1507304161787033/0.16331034898757935/-0.2186426967382431/0.16463333368301392/-0.10920886695384979/-0.19439184665679932/0.060539498925209045/-0.03673643618822098/0.2385534942150116/-0.16056875884532928/-0.26449093222618103/-0.06573394685983658/0.01895921677350998/0.08549627661705017/-0.025358859449625015/-0.07785937935113907/0.06727409362792969/-0.1743425875902176/-0.271742582321167/-0.12058410048484802/-0.06996498256921768/-0.0730823501944542/-0.11027789115905762/-0.052474118769168854/0.03976484760642052/-0.14490337669849396/0.06592060625553131/0.006003823131322861/0.09725490212440491/-0.015268929302692413/-0.11161163449287415/0.16966994106769562/0.07420963048934937/-0.33438199758529663/0.09556315839290619/0.0682729110121727/0.2343120127916336/0.1895045042037964/0.00976442638784647/-0.047684770077466965/-0.1423259973526001/0.08977200090885162/-0.25494587421417236/0.05184440687298775/0.11336465179920197/0.07040078938007355/0.13874688744544983/0.03376494348049164/-0.1352599412202835/0.056238364428281784/0.09355229139328003/-0.20956924557685852/0.03551298379898071/0.1025921106338501/-0.07078665494918823/0.01866859570145607/-0.13611383736133575/0.22768759727478027/0.17344500124454498/-0.13067401945590973/-0.1684945672750473/0.11313541233539581/-0.16299323737621307/-0.16695834696292877/0.059167977422475815/-0.14826050400733948/-0.2058834284543991/-0.29067614674568176/-0.03689666837453842/0.38535255193710327/0.20764605700969696/-0.21159836649894714/0.07080700993537903/0.018220506608486176/0.008047644048929214/0.13686807453632355/0.16318392753601074/0.035589881241321564/0.06843802332878113/-0.029843240976333618/0.014909626916050911/0.24595408141613007/-0.030717551708221436/-0.060758911073207855/0.22136637568473816/-0.07402662187814713/0.05730267986655235/0.003485215362161398/0.044941533356904984/-0.052146803587675095/0.008530319668352604/-0.17448823153972626/-0.09909144788980484/-0.043890196830034256/0.06381163746118546/-0.019042734056711197/0.14161565899848938/-0.13930083811283112/0.1972370147705078/-0.01858115941286087/0.010788791812956333/-0.03464898467063904/0.0971871018409729/-0.06826714426279068/0.0036816373467445374/0.13492150604724884/-0.25870656967163086/0.14871272444725037/0.17784713208675385/0.051581040024757385/0.024963807314634323/0.10549688339233398/0.06478666514158249/-0.03280239924788475/-0.024913610890507698/-0.30949312448501587/-0.002140689641237259/0.11403197795152664/-0.0018455456010997295/0.12433307617902756/0.05253550410270691');
INSERT INTO `face_collect` VALUES (10062, '1087', '15586017787963488', '0000-00-00 00:00:00', '-0.10749714821577072/0.03019469417631626/0.009286816231906414/-0.1086471900343895/-0.11988330632448196/0.009714826010167599/-0.09266360849142075/-0.11613880097866058/0.14067316055297852/-0.23183603584766388/0.1557227373123169/-0.10479354113340378/-0.1593197137117386/0.05128050595521927/-0.08520862460136414/0.24309056997299194/-0.20337150990962982/-0.20690299570560455/-0.005042640492320061/0.04181894287467003/0.08532178401947021/0.005943771917372942/-0.09759937971830368/0.08944404125213623/-0.10421928018331528/-0.2928198277950287/-0.0964442566037178/-0.050181396305561066/-0.0994778573513031/-0.09235168993473053/-0.006790786981582642/0.04927413538098335/-0.1344151496887207/0.08859005570411682/-0.030032053589820862/0.10709711909294128/0.0025816536508500576/-0.06320780515670776/0.14349529147148132/0.06791621446609497/-0.3423077166080475/0.10321274399757385/0.05291092395782471/0.2700878977775574/0.21202468872070312/-0.018489181995391846/-0.08696887642145157/-0.16289523243904114/0.13525550067424774/-0.23140546679496765/0.02799745462834835/0.1297152042388916/0.06646770983934402/0.07666093856096268/-0.011461304500699043/-0.06342675536870956/0.06868144124746323/0.1023707240819931/-0.1896986961364746/0.03424140810966492/0.12110160291194916/-0.05665060132741928/0.052800826728343964/-0.10162171721458435/0.18596084415912628/0.15078039467334747/-0.11463651806116104/-0.21659749746322632/0.12005659937858582/-0.19295187294483185/-0.1888745278120041/0.05453089252114296/-0.13249748945236206/-0.2314973920583725/-0.3014698028564453/-0.011361072771251202/0.30466777086257935/0.16107267141342163/-0.21176254749298096/0.03896935656666756/0.0446939617395401/-0.03491167351603508/0.16933247447013855/0.19686713814735413/0.0506901778280735/-0.03694305196404457/-0.06453126668930054/-0.023752029985189438/0.2898074984550476/-0.029238469898700714/-0.035752326250076294/0.24907039105892181/-0.01156641822308302/-0.0016213078051805496/0.009719463996589184/0.09351963549852371/-0.06003335118293762/0.05459597706794739/-0.19487828016281128/-0.06631121784448624/-0.032347049564123154/0.020664945244789124/-0.058095335960388184/0.15907031297683716/-0.1504219025373459/0.2171347290277481/-0.039028167724609375/0.01125074177980423/-0.024433374404907227/0.04702969267964363/-0.09184452146291733/-0.01092610228806734/0.14809651672840118/-0.14562028646469116/0.16917100548744202/0.1586521416902542/0.13187764585018158/0.04312015697360039/0.12923625111579895/0.06196174770593643/-0.03298993408679962/-0.03149682283401489/-0.28389376401901245/0.0014657111605629325/0.09782888740301132/-0.029838204383850098/0.06890207529067993/0.044250767678022385');
INSERT INTO `face_collect` VALUES (10063, '1087', '15586017792261035', '0000-00-00 00:00:00', '-0.02855389378964901/0.03168318048119545/0.026555441319942474/-0.07541045546531677/-0.05409862846136093/0.008395159617066383/-0.07456819713115692/-0.15818972885608673/0.1804732084274292/-0.20906896889209747/0.17204266786575317/-0.0884523019194603/-0.19260139763355255/-0.0014886807184666395/-0.02710612118244171/0.2189774215221405/-0.16206787526607513/-0.215939462184906/-0.028425682336091995/0.008537846617400646/0.07221529632806778/-0.013901117257773876/-0.04032618924975395/0.08811001479625702/-0.20455582439899445/-0.28989139199256897/-0.12461240589618683/-0.09087905287742615/-0.053494326770305634/-0.059901125729084015/-0.06140850484371185/0.025371411815285683/-0.15930059552192688/0.06139114871621132/0.009394058957695961/0.10297825932502747/0.02779795601963997/-0.09539973735809326/0.1690681278705597/0.043404676020145416/-0.3140581250190735/0.06451453268527985/0.08160997927188873/0.22564344108104706/0.1384773850440979/-0.010092703625559807/-0.05290669947862625/-0.15150795876979828/0.10012572258710861/-0.17231211066246033/0.031563375145196915/0.11481699347496033/0.012440651655197144/0.11970356851816177/0.04965768754482269/-0.11493737995624542/0.0935010015964508/0.08451684564352036/-0.19445303082466125/0.010940402746200562/0.07231605052947998/-0.05502127483487129/0.030637606978416443/-0.0919569730758667/0.23839445412158966/0.12130936980247498/-0.1031215563416481/-0.19252285361289978/0.08233978599309921/-0.15764671564102173/-0.13157641887664795/0.0898432508111/-0.15797637403011322/-0.1870449036359787/-0.3300429582595825/-0.014703409746289253/0.39800596237182617/0.18702653050422668/-0.21059167385101318/0.09071015566587448/0.008742167614400387/-0.044795792549848557/0.19343209266662598/0.15358981490135193/0.05576658621430397/0.05759355053305626/-0.0653933435678482/0.03707676753401756/0.2670232057571411/-0.03517753258347511/-0.03224067762494087/0.20331917703151703/-0.04489225149154663/0.05923145264387131/-0.0028486610390245914/0.04927130788564682/-0.09967435896396637/0.030267728492617607/-0.17347414791584015/-0.0777629166841507/0.025598015636205673/0.08320892602205276/0.0003186310641467571/0.13534770905971527/-0.15816855430603027/0.14484918117523193/0.03859851881861687/-0.051006440073251724/-0.007676282897591591/0.1103535145521164/-0.11591606587171555/-0.03719533979892731/0.12318090349435806/-0.2494461089372635/0.1929783672094345/0.14477096498012543/0.10049210488796234/0.03776160255074501/0.09546645730733871/0.05426928400993347/-0.0641520768404007/-0.01685449108481407/-0.2317451387643814/-0.003317745868116617/0.1115281730890274/-0.022763356566429138/0.14565682411193848/0.019081497564911842');
INSERT INTO `face_collect` VALUES (10064, '1087', '15586017797110512', '0000-00-00 00:00:00', '-0.10752536356449127/0.035387586802244186/0.037048809230327606/-0.13533329963684082/-0.0831076130270958/0.01865779235959053/-0.03921636939048767/-0.11198798567056656/0.12465835362672806/-0.24001334607601166/0.14873363077640533/-0.16139739751815796/-0.22305141389369965/0.04270016774535179/-0.07493957877159119/0.22333867847919464/-0.16895844042301178/-0.2208438515663147/-0.039379414170980453/0.033776476979255676/0.1058419868350029/-0.022883350029587746/-0.10009068995714188/0.10524585098028183/-0.1508166640996933/-0.28011825680732727/-0.10652320832014084/-0.05655902996659279/-0.0403679721057415/-0.10516873002052307/-0.05211097002029419/-0.006469608750194311/-0.17652644217014313/0.029795248061418533/-0.036010999232530594/0.11823602020740509/-0.00227065896615386/-0.10579168796539307/0.18315964937210083/0.06083252280950546/-0.31416386365890503/0.11537688225507736/0.08711989969015121/0.24639086425304413/0.1897914856672287/0.019098840653896332/-0.06473508477210999/-0.17617712914943695/0.13231965899467468/-0.2278897911310196/0.01167561486363411/0.11964794248342514/0.07370573282241821/0.108113594353199/-0.002388027496635914/-0.09659039974212646/0.09502655267715454/0.108699269592762/-0.22972065210342407/0.025301139801740646/0.10533090680837631/-0.045468367636203766/0.03087933361530304/-0.10170714557170868/0.21503165364265442/0.1270449161529541/-0.10089591145515442/-0.20961862802505493/0.1709451824426651/-0.19773386418819427/-0.14798994362354279/0.06764549016952515/-0.10981214046478271/-0.16525642573833466/-0.2583986818790436/-0.007490897551178932/0.34196922183036804/0.2004769742488861/-0.19445519149303436/0.09954629838466644/-0.001256777672097087/-0.03847222775220871/0.16804753243923187/0.16863490641117096/0.03706368803977966/0.012557070702314377/-0.025952547788619995/0.002949056215584278/0.25859665870666504/-0.005154039710760117/-0.007875757291913033/0.19775603711605072/0.020449213683605194/0.023119496181607246/0.05166056379675865/0.025693509727716446/-0.1264253854751587/0.030108671635389328/-0.18685419857501984/-0.07499515265226364/-0.029890984296798706/0.03466944023966789/-0.005978742614388466/0.15153297781944275/-0.1602862924337387/0.2336268126964569/-0.03346804156899452/-0.03999895229935646/-0.024135855957865715/0.0645313560962677/-0.06315287947654724/0.015748202800750732/0.12105999141931534/-0.21605302393436432/0.15264281630516052/0.15260767936706543/0.08281109482049942/0.024836909025907516/0.15009142458438873/0.07019329071044922/-0.009823166765272617/0.02800368145108223/-0.3060722053050995/-0.0275415126234293/0.13257867097854614/-0.05977126210927963/0.15725389122962952/0.022905971854925156');
INSERT INTO `face_collect` VALUES (10065, '1087', '15586017800615952', '0000-00-00 00:00:00', '-0.09007979929447174/0.05663301795721054/0.024329356849193573/-0.1552768051624298/-0.12127429991960526/0.018538089469075203/-0.08110811561346054/-0.07888686656951904/0.11753003299236298/-0.2434864342212677/0.13446074724197388/-0.09938226640224457/-0.14260639250278473/0.04556109383702278/-0.0720570981502533/0.19826367497444153/-0.19109795987606049/-0.2272501289844513/-0.015062494203448296/0.04116816073656082/0.09555253386497498/-0.004590996541082859/-0.10625908523797989/0.09980111569166183/-0.13004861772060394/-0.3461882770061493/-0.080042265355587/-0.05240848287940025/-0.0005393875762820244/-0.10330817848443985/-0.021701235324144363/0.065397709608078/-0.19538523256778717/0.07953859120607376/-0.04882923141121864/0.15687841176986694/0.014229991473257542/-0.06608811020851135/0.11813639104366302/0.10473102331161499/-0.3094674348831177/0.11941812932491302/0.027605678886175156/0.28730157017707825/0.2220868021249771/-0.02883191406726837/-0.026340648531913757/-0.11665954440832138/0.11454197019338608/-0.26163721084594727/0.018102381378412247/0.13167953491210938/0.061807919293642044/0.09698529541492462/0.023762837052345276/-0.0785420686006546/0.09813836961984634/0.0564977303147316/-0.2045624554157257/0.00593952089548111/0.09522467851638794/-0.03295345604419708/0.05873642861843109/-0.09699659049510956/0.21729642152786255/0.11031635105609894/-0.09068520367145538/-0.16371703147888184/0.16082262992858887/-0.1832970529794693/-0.11927030235528946/0.0328526571393013/-0.11747533828020096/-0.15116091072559357/-0.24505874514579773/0.02549309842288494/0.33145466446876526/0.2405327409505844/-0.18590249121189117/0.11142709106206894/-0.013109980151057243/-0.04348966106772423/0.14264926314353943/0.17871640622615814/0.051542729139328/0.016398832201957703/-0.041428081691265106/0.07098623365163803/0.22349005937576294/-0.007810820825397968/0.015040743164718151/0.20958726108074188/0.009653466753661633/0.026980247348546982/0.025639083236455917/0.03253813832998276/-0.13148058950901031/0.02960275113582611/-0.17852504551410675/-0.06002506986260414/-0.07839519530534744/0.05475541204214096/-0.04225711151957512/0.17624177038669586/-0.13756245374679565/0.2402542531490326/-0.046878017485141754/-0.03873209282755852/-0.04280107468366623/0.0598662830889225/-0.01707768812775612/-0.01799604296684265/0.07604158669710159/-0.17295381426811218/0.13488054275512695/0.1665993630886078/0.07997972518205643/0.061239682137966156/0.11703906208276749/0.03745506703853607/-0.002491469494998455/-0.028003523126244545/-0.2769426107406616/-0.008373187854886055/0.0808975026011467/-0.05711975321173668/0.04617103934288025/0.016057213768363');
INSERT INTO `face_collect` VALUES (10066, '1088', '1558601994222198', '0000-00-00 00:00:00', '-0.09637127071619034/0.1865396499633789/0.04233326017856598/0.010397449135780334/-0.11278662830591202/0.0040192068554461/-0.023892289027571678/-0.11054159700870514/0.06835800409317017/-0.021177105605602264/0.23849433660507202/-0.021804828196763992/-0.24857839941978455/-0.15393242239952087/-0.044080086052417755/0.14837850630283356/-0.18929900228977203/-0.174565851688385/-0.06729739904403687/0.013693645596504211/0.10638146847486496/0.030095187947154045/0.06279213726520538/0.03955799341201782/-0.0032121799886226654/-0.38282978534698486/-0.017109500244259834/-0.10674978792667389/0.051725830882787704/-0.04156790301203728/-0.06776878982782364/-0.005291490349918604/-0.2609251141548157/-0.11411665380001068/0.04594065248966217/0.06918814033269882/0.003438974265009165/-0.06629820913076401/0.19041265547275543/-0.029855264350771904/-0.16393901407718658/0.11032198369503021/0.03644101694226265/0.276591956615448/0.1917550265789032/0.049100443720817566/0.020288748666644096/-0.12622320652008057/0.08645413815975189/-0.21520651876926422/0.08759867399930954/0.17810620367527008/0.07835282385349274/0.02719670906662941/0.027184559032320976/-0.1841711401939392/0.04605792835354805/-0.004237256944179535/-0.12651467323303223/0.010449370369315147/0.1264435350894928/-0.027385232970118523/-0.011219833977520466/-0.09862671792507172/0.22854425013065338/0.015541798435151577/-0.08707786351442337/-0.17670682072639465/0.06350057572126389/-0.10842251032590866/-0.07056231051683426/0.05102024972438812/-0.1712854653596878/-0.11060591787099838/-0.31756356358528137/0.08581680804491043/0.432010680437088/0.1265362948179245/-0.21911996603012085/0.031552691012620926/-0.09713564068078995/0.05044853687286377/0.1275394856929779/0.07275218516588211/-0.0357852429151535/0.0053811268880963326/-0.17538757622241974/0.06589307636022568/0.17899571359157562/-0.027554146945476532/-0.11835955828428268/0.21641504764556885/0.013331986963748932/0.06604523211717606/0.07948580384254456/0.036443889141082764/-0.014788037165999413/0.022837914526462555/-0.190841406583786/0.04989515617489815/0.03713969886302948/-0.05662903934717178/-0.04414145648479462/0.11543421447277069/-0.13426484167575836/-0.0032412214204669/-0.04060152918100357/0.030938079580664635/-0.027445413172245026/-0.055730726569890976/-0.18773438036441803/0.004771111533045769/0.09628674387931824/-0.23901541531085968/0.3010364770889282/0.1668701320886612/0.08436879515647888/0.0858590379357338/0.14907124638557434/0.024514786899089813/-0.0005755387246608734/-0.04729007929563522/-0.1959250122308731/-0.09793376922607422/0.1156633049249649/0.01882689632475376/0.11029697954654694/0.032554347068071365');
INSERT INTO `face_collect` VALUES (10067, '1088', '15586019936116216', '0000-00-00 00:00:00', '-0.09218676388263702/0.10408978909254074/0.07197540253400803/0.03819582983851433/-0.10765829682350159/-0.09018996357917786/-0.05414421111345291/-0.07993142306804657/0.13424815237522125/-0.07828687876462936/0.16887788474559784/-0.01767260953783989/-0.16393104195594788/-0.12688277661800385/-0.0583093985915184/0.1525038778781891/-0.16917109489440918/-0.10593190044164658/-0.032085224986076355/-0.014858674257993698/0.1679030954837799/0.05445859581232071/0.08348310738801956/0.02397310733795166/-0.10912272334098816/-0.394340842962265/-0.06813666224479675/-0.09506195038557053/0.02725672349333763/0.03199018910527229/-0.03626503422856331/0.04371434822678566/-0.2306593656539917/-0.1245436742901802/0.031437523663043976/0.06059221550822258/0.021737027913331985/-0.057704463601112366/0.15953229367733002/-0.02171381562948227/-0.20029839873313904/0.05107422545552254/0.001134437508881092/0.2500011622905731/0.17700925469398499/0.0330253466963768/0.0586177259683609/-0.11444099247455597/0.14404067397117615/-0.1808428168296814/0.06667034327983856/0.1304709017276764/0.06231038272380829/0.03474222868680954/0.044357772916555405/-0.08712026476860046/0.07884897291660309/0.10471772402524948/-0.1553954780101776/0.01582437939941883/0.10082783550024033/-0.061594828963279724/-0.036037880927324295/-0.059134531766176224/0.17262262105941772/0.03195342794060707/-0.05651242285966873/-0.201066255569458/0.09422960877418518/-0.13927140831947327/-0.08192677050828934/0.04270271956920624/-0.1506805121898651/-0.14530937373638153/-0.35214588046073914/0.029180463403463364/0.3691037893295288/0.13740141689777374/-0.22518309950828552/0.06160099431872368/-0.057954780757427216/0.08562834560871124/0.18082772195339203/0.10909529030323029/0.016017192974686623/0.03074975684285164/-0.15330468118190765/0.022042222321033478/0.1881934404373169/-0.057701580226421356/-0.1196102723479271/0.2393377423286438/0.03919948264956474/0.06568298488855362/0.0519060343503952/0.004260987509042025/-0.06798137724399567/0.05346274375915527/-0.17119885981082916/0.025420313701033592/0.12787124514579773/0.03446781262755394/-0.04620656371116638/0.09186960011720657/-0.1353761851787567/0.09631127119064331/-0.05480146408081055/0.052263520658016205/0.006618022453039885/-0.08525656908750534/-0.1884935051202774/-0.003974082414060831/0.09298289567232132/-0.16634409129619598/0.24650686979293823/0.14673718810081482/0.053034864366054535/0.14648886024951935/0.13573190569877625/0.006596035324037075/-0.000314897857606411/-0.04069223627448082/-0.2142980992794037/-0.07237857580184937/0.14795300364494324/-0.02003519982099533/0.09132310003042221/0.0031666141003370285');
INSERT INTO `face_collect` VALUES (10068, '1088', '15586019933356802', '0000-00-00 00:00:00', '-0.09252002835273743/0.17891542613506317/0.0644644945859909/-0.08768508583307266/-0.11155686527490616/0.003056283574551344/-0.031699128448963165/-0.10504593700170517/0.125661700963974/-0.11147037148475647/0.24069465696811676/-0.027984291315078735/-0.25725847482681274/-0.13505931198596954/-0.030578486621379852/0.17546263337135315/-0.15730886161327362/-0.18126046657562256/-0.0008850516751408577/0.02045714668929577/0.17932496964931488/0.04061540588736534/0.018771717324852943/0.06950481235980988/-0.09727125614881516/-0.3343060612678528/-0.06659810990095139/-0.051626309752464294/-0.02118748240172863/-0.06082972139120102/-0.08352722227573395/0.00858311541378498/-0.23493307828903198/-0.07675816863775253/0.00029052887111902237/0.1245441660284996/-0.011107743717730045/-0.04535931348800659/0.1582290083169937/0.05107523873448372/-0.21603578329086304/0.11658518761396408/0.046368151903152466/0.26823052763938904/0.2167426198720932/0.03954515606164932/0.021442260593175888/-0.15535978972911835/0.11809825897216797/-0.15630030632019043/0.08395767211914062/0.12081710994243622/0.15821193158626556/0.03802334889769554/0.05996610224246979/-0.17285796999931335/0.028793644160032272/0.08130142837762833/-0.15151822566986084/-0.012643200345337391/0.08065915107727051/-0.057949185371398926/0.010774904862046242/-0.12359984964132309/0.21372349560260773/0.008213113993406296/-0.09865978360176086/-0.20975948870182037/0.09884314984083176/-0.09535765647888184/-0.16761024296283722/0.11727577447891235/-0.16153205931186676/-0.108796127140522/-0.3420792818069458/0.07451076805591583/0.3674418032169342/0.13500559329986572/-0.24912437796592712/0.03391354903578758/-0.02021924778819084/-0.007199602667242289/0.1143251359462738/0.13272494077682495/0.004796048626303673/0.02861415222287178/-0.16241472959518433/0.028671003878116608/0.19258274137973785/-0.03667108714580536/-0.08999528735876083/0.21422618627548218/0.029814567416906357/0.12401118874549866/0.029350541532039642/0.02049054577946663/-0.10006675869226456/0.08407080918550491/-0.19961592555046082/-0.036279235035181046/-0.0059809694066643715/-0.0010777590796351433/-0.07493603229522705/0.13783805072307587/-0.15779627859592438/0.10476157069206238/-0.03479965776205063/-0.008219565264880657/-0.10957469046115875/-0.06041038781404495/-0.15422317385673523/0.05383117496967316/0.07440251857042313/-0.2597188949584961/0.21611946821212769/0.1634640097618103/0.08357371389865875/0.07036492973566055/0.17194539308547974/-0.006446413695812225/0.016000714153051376/-0.05413839966058731/-0.26142048835754395/-0.06047423183917999/0.1730017215013504/-0.05774274468421936/0.17604008316993713/0.026957131922245026');
INSERT INTO `face_collect` VALUES (10069, '1088', '15586019927780192', '0000-00-00 00:00:00', '-0.10880822688341141/0.15817475318908691/0.028716763481497765/0.03924541920423508/-0.12566664814949036/-0.05245150998234749/-0.04624352976679802/-0.11682045459747314/0.11301825940608978/-0.08881860226392746/0.20124471187591553/-0.00487250043079257/-0.24187147617340088/-0.10733233392238617/-0.045408960431814194/0.14569027721881866/-0.1580444574356079/-0.18128053843975067/-0.04390325769782066/0.01517418958246708/0.1703553944826126/0.05684667080640793/0.08439672738313675/0.027430621907114983/-0.0425577312707901/-0.37581056356430054/-0.06024683266878128/-0.08957230299711227/0.021635616198182106/-0.02817448042333126/-0.05310522019863129/0.004196210764348507/-0.20882122218608856/-0.10528385639190674/0.05888286232948303/0.10130874812602997/-0.008226679638028145/-0.08025196194648743/0.20607499778270721/-0.012051800265908241/-0.2331886887550354/0.07178936153650284/0.0460243783891201/0.28361430764198303/0.16470211744308472/0.005854395683854818/0.044630445539951324/-0.1774715781211853/0.1351494938135147/-0.14028435945510864/0.07698884606361389/0.15814071893692017/0.13675294816493988/0.01677592471241951/0.05947776511311531/-0.15883760154247284/0.0635426789522171/0.07667221128940582/-0.1342421919107437/-0.014492062851786613/0.14552569389343262/0.007531533017754555/-0.009700741618871689/-0.08134374022483826/0.1879938393831253/0.0007117148488759995/-0.06462473422288895/-0.2247997522354126/0.10196542739868164/-0.12811414897441864/-0.09251286089420319/0.13967293500900269/-0.19066593050956726/-0.17182955145835876/-0.2661193311214447/0.02562003955245018/0.4195256233215332/0.10671497881412506/-0.19149233400821686/0.024155279621481895/-0.0437374971807003/0.0169658400118351/0.14319868385791779/0.12381068617105484/-0.005472458899021149/0.037897586822509766/-0.19074831902980804/0.0493490993976593/0.2255600541830063/-0.05045440047979355/-0.11563605815172195/0.2067497819662094/0.07801111787557602/0.0716317743062973/0.06929676979780197/0.002042580395936966/-0.05295631289482117/0.058242958039045334/-0.236983984708786/-0.013095892034471035/0.007833980023860931/-0.003993445076048374/-0.08145446330308914/0.09975741803646088/-0.10370218008756638/0.026670057326555252/-0.024700593203306198/0.02236558124423027/-0.06528583914041519/-0.07999517023563385/-0.18545925617218018/-0.012577030807733536/0.08406952023506165/-0.19787056744098663/0.2045602649450302/0.1425279676914215/0.11231774836778641/0.08145150542259216/0.13260845839977264/0.006645406596362591/0.027000263333320618/-0.065545953810215/-0.26466891169548035/-0.043785978108644485/0.13562166690826416/-0.00492220651358366/0.08940187096595764/-0.015126447193324566');
INSERT INTO `face_collect` VALUES (10070, '1088', '15586019916047802', '0000-00-00 00:00:00', '-0.12498560547828674/0.19793987274169922/-0.0012261662632226944/-0.0646645575761795/-0.12690560519695282/-0.041579149663448334/-0.07521834969520569/-0.11806531250476837/0.11708153784275055/-0.06162151321768761/0.2740006446838379/-0.08154164254665375/-0.24218781292438507/-0.09675810486078262/-0.062050603330135345/0.1802533119916916/-0.1483616679906845/-0.14238327741622925/-0.028856851160526276/0.01014478038996458/0.1830538958311081/0.0068202149122953415/0.012695732526481152/0.07724761217832565/-0.058451224118471146/-0.34123897552490234/-0.06983625888824463/-0.05288607254624367/-0.007759853266179562/-0.0663451999425888/-0.06202567368745804/-0.0033923769369721413/-0.2500004470348358/-0.10510675609111786/0.02781362272799015/0.09639358520507812/0.0046373577788472176/-0.07517847418785095/0.16845574975013733/-0.012866885401308537/-0.18407931923866272/0.07785297185182571/0.07657172530889511/0.24248038232326508/0.19312933087348938/0.016118202358484268/0.04289533197879791/-0.1628728210926056/0.09465695917606354/-0.13315102458000183/0.06654846668243408/0.15089422464370728/0.12589526176452637/0.04303080961108208/0.017537392675876617/-0.15384669601917267/0.018350016325712204/0.10001891106367111/-0.13227295875549316/0.015722112730145454/0.11484023928642273/-0.010947718285024166/-0.05184994637966156/-0.1434089094400406/0.2685590982437134/0.06938770413398743/-0.13031300902366638/-0.22031867504119873/0.10954318195581436/-0.1035485714673996/-0.1307387501001358/0.07128743082284927/-0.18457096815109253/-0.14869922399520874/-0.3228948414325714/0.05149517208337784/0.37661612033843994/0.0864352285861969/-0.2618096172809601/0.05857047438621521/-0.04733266308903694/-0.002026080619543791/0.09827297925949097/0.1378023624420166/0.01684010773897171/0.03822558745741844/-0.1315491795539856/0.02668445184826851/0.24326522648334503/-0.040393389761447906/-0.08970707654953003/0.24784931540489197/0.0077528683468699455/0.09177573025226593/0.04825461655855179/0.039802033454179764/-0.056487664580345154/0.005958354566246271/-0.16156533360481262/-0.008175928145647049/0.0013962779194116592/-0.05499730631709099/-0.09926187992095947/0.12325707077980042/-0.13537321984767914/0.06426379084587097/-0.024206146597862244/0.06832880526781082/-0.07904766499996185/-0.037636518478393555/-0.14151684939861298/-0.011100086383521557/0.1085812896490097/-0.22147761285305023/0.2522326111793518/0.12812793254852295/0.09538185596466064/0.07068867981433868/0.1574915498495102/0.05184492841362953/0.053299110382795334/-0.01984439045190811/-0.22408270835876465/-0.05083099380135536/0.10900375247001648/-0.044339537620544434/0.12129402160644531/0.03189190849661827');
INSERT INTO `face_collect` VALUES (10071, '1088', '15586019911932473', '0000-00-00 00:00:00', '-0.09530778229236603/0.17371238768100739/0.011533437296748161/-0.008883762173354626/-0.10710383206605911/-0.009619513526558876/-0.05970640480518341/-0.12020782381296158/0.08968298137187958/-0.05215757340192795/0.19535304605960846/-0.012787990272045135/-0.22361135482788086/-0.11098819226026535/-0.03546300530433655/0.150658518075943/-0.17851297557353973/-0.13808879256248474/-0.05799567699432373/0.018580008298158646/0.14192011952400208/0.03700737655162811/0.0735800713300705/0.050001949071884155/-0.05305241048336029/-0.3322143852710724/-0.054172903299331665/-0.07813630253076553/0.02806684374809265/-0.03726354241371155/-0.08131195604801178/-0.01839756965637207/-0.26517051458358765/-0.08978811651468277/0.04371485859155655/0.083193838596344/-0.03242133930325508/-0.06342422217130661/0.16657224297523499/-0.009564233012497425/-0.1985178142786026/0.07132849097251892/0.054334886372089386/0.2540663480758667/0.2005561888217926/0.07718827575445175/0.011463585309684277/-0.13883163034915924/0.1058170422911644/-0.15672534704208374/0.11193673312664032/0.15294821560382843/0.07939568161964417/0.05162198096513748/0.01873711124062538/-0.1847304254770279/0.06923629343509674/0.02774730697274208/-0.08213358372449875/-0.01655687764286995/0.119407057762146/-0.029933547601103783/-0.0038397302851080894/-0.05508950352668762/0.22857381403446198/0.013394277542829514/-0.06013279780745506/-0.2044435441493988/0.07521864771842957/-0.11358655989170074/-0.0776311606168747/0.091258704662323/-0.181259423494339/-0.13647812604904175/-0.298927903175354/0.054490648210048676/0.4062967598438263/0.10604254901409149/-0.19586654007434845/0.03639022260904312/-0.06196208298206329/0.03642386198043823/0.1692093163728714/0.11123787611722946/-0.006258908659219742/0.015600080601871014/-0.1636507511138916/0.05116090923547745/0.2365759164094925/-0.085098035633564/-0.10278543829917908/0.2184785008430481/0.04391239210963249/0.05222383886575699/0.056507181376218796/0.0035636830143630505/-0.026626847684383392/0.05775503069162369/-0.17906594276428223/0.005764878820627928/0.05972517281770706/-0.01403120905160904/-0.06744812428951263/0.12719793617725372/-0.14334620535373688/0.019731396809220314/0.0021324940025806427/0.02899201214313507/-0.017565563321113586/-0.05332695692777634/-0.20715349912643433/-0.05931626632809639/0.07982363551855087/-0.2167332023382187/0.26996126770973206/0.1657412052154541/0.08518113940954208/0.07406596839427948/0.14148831367492676/0.06153726577758789/0.03410925716161728/-0.02265753038227558/-0.20781415700912476/-0.05323513224720955/0.15884040296077728/0.024023978039622307/0.09619635343551636/0.010293498635292053');
INSERT INTO `face_collect` VALUES (10072, '1089', '15586026543399575', '0000-00-00 00:00:00', '-0.12182487547397614/0.08782576769590378/-0.024898279458284378/-0.02297750487923622/-0.10942629724740982/-0.011749974451959133/-0.02155621349811554/-0.11824266612529755/0.10560030490159988/-0.1497565656900406/0.18993280827999115/-0.0823383703827858/-0.23392800986766815/-0.04875202849507332/-0.054976023733615875/0.13206647336483002/-0.18288159370422363/-0.14597481489181519/-0.08560995757579803/0.0031721433624625206/0.11464586108922958/0.036302994936704636/-0.006660929415374994/0.09743780642747879/-0.060084737837314606/-0.35527634620666504/-0.052091263234615326/-0.04550427943468094/0.010197277180850506/-0.0604032501578331/-0.045284453779459/0.05031532049179077/-0.2266799807548523/-0.04791863262653351/-0.033329159021377563/0.09023988246917725/0.007279980927705765/0.03792206570506096/0.1543300598859787/-0.00025994516909122467/-0.2554211914539337/0.12665991485118866/-0.0029050828889012337/0.3251523971557617/0.18040810525417328/0.09300372004508972/-0.030742870643734932/-0.1263713240623474/0.08069325983524323/-0.2470129430294037/0.0198405459523201/0.16949215531349182/0.0583290196955204/-0.030448943376541138/-0.05487969517707825/-0.13834404945373535/-0.011705128476023674/0.05475552752614021/-0.17101596295833588/0.08695705980062485/0.12585565447807312/-0.13439704477787018/-0.0039976779371500015/-0.1048312708735466/0.16460606455802917/0.05396893993020058/-0.10015707463026047/-0.1939929872751236/0.06947331875562668/-0.2517169713973999/-0.08021531254053116/0.07515840977430344/-0.10616500675678253/-0.21408720314502716/-0.3488340973854065/0.02347017452120781/0.4073632061481476/0.159552201628685/-0.15865683555603027/0.05642104893922806/-0.03437495231628418/0.030732959508895874/0.1922936886548996/0.13047468662261963/-0.011695832014083862/0.00635689590126276/-0.16161192953586578/0.07255536317825317/0.22562803328037262/-0.04396452382206917/-0.07533388584852219/0.2419845014810562/0.01985665038228035/0.05289333686232567/0.02787911705672741/0.06245213374495506/-0.06918023526668549/0.020357171073555946/-0.17112977802753448/0.04430166631937027/0.0015599168837070465/-0.03871133178472519/-0.009392485953867435/0.08791817724704742/-0.11150429397821426/0.1522776037454605/-0.06618940085172653/0.023682307451963425/-0.013121677562594414/-0.008599072694778442/-0.14544181525707245/-0.03704521805047989/0.13763640820980072/-0.20335955917835236/0.1901073455810547/0.2136826515197754/0.09559416770935059/0.12016259133815765/0.13885053992271423/0.04938318207859993/-0.019670121371746063/0.011202188208699226/-0.2674383521080017/-0.05782517418265343/0.1084580346941948/-0.034254636615514755/0.14074569940567017/0.010325543582439423');
INSERT INTO `face_collect` VALUES (10073, '1089', '15586026537006602', '0000-00-00 00:00:00', '-0.09025353938341141/0.0941193699836731/-0.05895129591226578/-0.07320410758256912/-0.07014137506484985/0.03220920264720917/-0.003771943971514702/-0.1365591585636139/0.15059977769851685/-0.12145815044641495/0.12542934715747833/-0.043677810579538345/-0.2377558946609497/-0.08116844296455383/-0.05205978825688362/0.15855854749679565/-0.18681572377681732/-0.16342271864414215/-0.050938401371240616/0.04677465930581093/0.10384206473827362/0.03247387334704399/0.0009493629913777113/0.07947411388158798/-0.07695332169532776/-0.36634427309036255/-0.0843973234295845/-0.07308895885944366/0.030761465430259705/-0.017956728115677834/-0.08381295204162598/0.030239591374993324/-0.23983646929264069/-0.04985746741294861/-0.006554612889885902/0.1056353971362114/0.010696740821003914/-0.024013618007302284/0.14875110983848572/0.03679079934954643/-0.2499188333749771/0.06847614794969559/0.04009697213768959/0.2886805832386017/0.20454691350460052/0.02752871625125408/0.02047184482216835/-0.13605636358261108/0.0978151187300682/-0.23502086102962494/0.042993344366550446/0.11114710569381714/0.013475951738655567/0.025921106338500977/-0.033915694802999496/-0.16040724515914917/0.010339593514800072/0.0785691887140274/-0.14996422827243805/0.059320442378520966/0.10421892255544662/-0.06653128564357758/-0.040878601372241974/-0.05279332771897316/0.20742926001548767/0.05292309448122978/-0.10375592112541199/-0.20226816833019257/0.09205098450183868/-0.2087651640176773/-0.041554972529411316/0.05749431252479553/-0.13494513928890228/-0.1740259826183319/-0.31910133361816406/0.03881160914897919/0.4218744933605194/0.15570931136608124/-0.1422165185213089/0.09410886466503143/-0.06654251366853714/0.024065811187028885/0.20969165861606598/0.1348530650138855/0.015369968488812447/0.061124686151742935/-0.1310195028781891/0.0897936224937439/0.25720688700675964/-0.03877037763595581/-0.05085635930299759/0.2337002158164978/-0.0037053972482681274/0.07952992618083954/0.0284798052161932/0.06857827305793762/-0.05687883496284485/0.021032391116023064/-0.18997907638549805/-0.005143323913216591/0.05843350663781166/-0.005786942318081856/0.00023692287504673004/0.14142680168151855/-0.13892805576324463/0.1326882392168045/-0.01691058836877346/0.021194230765104294/0.02534012496471405/-0.058997754007577896/-0.12413772940635681/-0.018720587715506554/0.13212035596370697/-0.1862121969461441/0.19551417231559753/0.1730508804321289/0.07441917061805725/0.08725637942552567/0.1322081983089447/0.024427954107522964/0.0008928747847676277/-0.022396432235836983/-0.2818189561367035/-0.0033421439584344625/0.13773994147777557/-0.026360580697655678/0.12858612835407257/-0.013458075933158398');
INSERT INTO `face_collect` VALUES (10074, '1089', '1558602653243379', '0000-00-00 00:00:00', '-0.11057473719120026/0.043269842863082886/-0.012650515884160995/-0.022634100168943405/-0.05691758543252945/-0.041276879608631134/-0.0682283267378807/-0.1420837640762329/0.10546959191560745/-0.10362546145915985/0.14519941806793213/-0.04098856449127197/-0.20242108404636383/-0.07604477554559708/-0.06570298224687576/0.1434444934129715/-0.2055281698703766/-0.15079377591609955/-0.023917263373732567/0.06793366372585297/0.17286373674869537/-0.018569426611065865/-0.02116052433848381/0.07785655558109283/-0.042807698249816895/-0.3108799159526825/-0.1032390296459198/-0.0497782826423645/0.010659788735210896/-0.022829683497548103/-0.03127913922071457/0.009163734503090382/-0.2332567423582077/-0.02124498412013054/0.008353113196790218/0.08498429507017136/0.026624515652656555/-0.03143548220396042/0.1751030832529068/-0.008390799164772034/-0.2413729876279831/0.12447265535593033/0.00908227451145649/0.24674169719219208/0.18069346249103546/0.05497885122895241/-0.0005834493786096573/-0.1721554547548294/0.11717848479747772/-0.205313041806221/0.029539672657847404/0.1781204789876938/0.08673989772796631/0.016497161239385605/-0.03461321443319321/-0.13552150130271912/0.045054998248815536/0.08511225134134293/-0.16479209065437317/0.08213544636964798/0.11313267797231674/-0.10093484818935394/-0.010048279538750648/-0.07900858670473099/0.19368068873882294/0.0638832077383995/-0.1300763487815857/-0.21719636023044586/0.08691813796758652/-0.18025891482830048/-0.08950630575418472/0.06901514530181885/-0.1328136920928955/-0.19515679776668549/-0.32129862904548645/-0.002197476103901863/0.410062313079834/0.11368532478809357/-0.23616525530815125/0.0903046578168869/-0.09331779927015305/0.033770810812711716/0.1959390640258789/0.15021845698356628/0.02716360241174698/0.013360779732465744/-0.13905106484889984/0.01576831564307213/0.2550235390663147/-0.035813771188259125/-0.05292356386780739/0.22616225481033325/0.03242216631770134/0.0687948614358902/0.011925525963306427/0.028448030352592468/-0.01429923065006733/0.004914503078907728/-0.16158784925937653/-0.007037542760372162/-0.006363252177834511/0.011973169632256031/-0.01964695379137993/0.10292449593544006/-0.1217586100101471/0.1221584677696228/-0.0033094212412834167/0.03295382484793663/0.0007203682325780392/-0.03394881635904312/-0.15369398891925812/-0.012127261608839035/0.0990048423409462/-0.24786929786205292/0.24735736846923828/0.15852567553520203/0.11053332686424255/0.07814963907003403/0.11290839314460754/0.07301075756549835/-0.01815149188041687/-0.027030255645513535/-0.24603892862796783/-0.022957323119044304/0.11494031548500061/0.004235116299241781/0.1213703379034996/-0.008290443569421768');
INSERT INTO `face_collect` VALUES (10075, '1089', '15586026528016043', '0000-00-00 00:00:00', '-0.14591780304908752/0.06279697269201279/-0.006243275944143534/-0.08971811830997467/-0.1477951556444168/-2.303207293152809e-05/-0.05719103664159775/-0.1181388720870018/0.07616302371025085/-0.16089510917663574/0.15899017453193665/-0.0722779706120491/-0.19952622056007385/-0.01253670733422041/-0.09286491572856903/0.16867244243621826/-0.15598629415035248/-0.14599467813968658/-0.07045350968837738/0.026999052613973618/0.08485694229602814/0.015026931650936604/-0.033390555530786514/0.09044567495584488/-0.05531853437423706/-0.32192516326904297/-0.09256181865930557/-0.03502694144845009/-0.01581927016377449/-0.05748700350522995/-0.059005819261074066/-0.011127769947052002/-0.18957383930683136/-0.023987693712115288/-0.014240384101867676/0.12307430058717728/0.008718510158360004/-0.054882027208805084/0.09461797773838043/0.029695872217416763/-0.2597399950027466/0.1035933643579483/0.025359589606523514/0.27570486068725586/0.20858252048492432/0.051726143807172775/0.003753121942281723/-0.1461811065673828/0.1325048953294754/-0.23910269141197205/-0.006149807944893837/0.073747418820858/0.044177185744047165/-0.013962527737021446/-0.01758662238717079/-0.14294148981571198/0.03711242973804474/0.13702738285064697/-0.12455093860626221/0.04728643596172333/0.07878150790929794/-0.06704041361808777/0.011742893606424332/-0.0962449163198471/0.23997455835342407/0.08374772220849991/-0.13728474080562592/-0.17855733633041382/0.10994645953178406/-0.1713489145040512/-0.060546886175870895/0.09538784623146057/-0.11778256297111511/-0.179587721824646/-0.2904660701751709/0.034872546792030334/0.4788670241832733/0.16185501217842102/-0.17096547782421112/0.025152072310447693/-0.0840817466378212/0.06639333069324493/0.17745617032051086/0.1275607794523239/-0.0121697336435318/0.0036196978762745857/-0.15842892229557037/0.005952227860689163/0.26873067021369934/-0.023490380495786667/-0.06388845294713974/0.21193546056747437/0.019347529858350754/0.08017651736736298/0.03362496942281723/0.06488027423620224/-0.10781046748161316/0.004117459058761597/-0.14483897387981415/-0.043715331703424454/0.011049291118979454/-0.03854617848992348/-0.016132595017552376/0.13570033013820648/-0.11966140568256378/0.15026284754276276/-0.05799175053834915/0.04432627186179161/-0.0026461156085133553/-0.004492953419685364/-0.08735546469688416/0.003375941887497902/0.12125976383686066/-0.21469871699810028/0.14413835108280182/0.18640844523906708/0.09123436361551285/0.09978140890598297/0.158564954996109/0.03423158824443817/-0.03690389543771744/-0.002415677532553673/-0.23602119088172913/-0.025017043575644493/0.10762190818786621/-0.05107375234365463/0.1475612074136734/-0.0063628205098211765');
INSERT INTO `face_collect` VALUES (10076, '1089', '15586026523741202', '0000-00-00 00:00:00', '-0.11501770466566086/0.09709147363901138/0.004395010881125927/-0.03133305534720421/-0.09937452524900436/0.0027344683185219765/-0.01262860931456089/-0.126333087682724/0.10436296463012695/-0.15766222774982452/0.12301401048898697/-0.08353863656520844/-0.24464860558509827/-0.06621631234884262/-0.0690540224313736/0.14982430636882782/-0.19255757331848145/-0.19008545577526093/-0.04575804993510246/0.020258869975805283/0.07429173588752747/0.02003427967429161/-0.011451460421085358/0.09211420267820358/-0.08298368006944656/-0.3642595708370209/-0.06754758954048157/-0.08903490751981735/0.011675669811666012/-0.05396034196019173/-0.07831794023513794/-0.019597912207245827/-0.2101544439792633/-0.051525697112083435/-0.040641188621520996/0.10510830581188202/-0.0006876233965158463/-0.0007077697664499283/0.1891249418258667/-0.006030061282217503/-0.28943488001823425/0.10441897809505463/0.04702828451991081/0.3464122712612152/0.21258756518363953/0.050816163420677185/0.01704154722392559/-0.12422697246074677/0.11561494320631027/-0.21447747945785522/0.05878666788339615/0.1201832965016365/0.06634223461151123/-0.017344217747449875/-0.02773761749267578/-0.13082262873649597/-0.02183319628238678/0.10611127316951752/-0.15037104487419128/0.11584150046110153/0.14743326604366302/-0.1038665622472763/-0.00025307200849056244/-0.04357036203145981/0.20863153040409088/0.016368648037314415/-0.09958775341510773/-0.188555508852005/0.13341839611530304/-0.2630380094051361/-0.06797350943088531/0.07678908854722977/-0.08234890550374985/-0.17335250973701477/-0.3385973274707794/0.00988739263266325/0.418861985206604/0.1519363671541214/-0.1395641565322876/0.08507010340690613/-0.06192471832036972/0.02840690314769745/0.21744871139526367/0.1652911752462387/0.00032297149300575256/0.05929449200630188/-0.1553211510181427/0.0683915838599205/0.2647419273853302/-0.014848361723124981/-0.05373886227607727/0.2159288227558136/0.037208933383226395/0.018315652385354042/0.05685859173536301/0.06352882832288742/-0.08052487671375275/0.01332121342420578/-0.19049355387687683/0.008913428522646427/0.04509966820478439/-0.047511786222457886/0.004611482378095388/0.10514578223228455/-0.1605396866798401/0.14655955135822296/-0.04012693092226982/0.028752297163009644/0.011598827317357063/-0.02244497649371624/-0.12824784219264984/-0.013260990381240845/0.16887931525707245/-0.22572171688079834/0.15652939677238464/0.184989333152771/0.073279470205307/0.09785458445549011/0.14447854459285736/0.02292443811893463/-0.004545329138636589/-0.03650686517357826/-0.286853164434433/-0.03827722370624542/0.10917719453573227/-0.03921296074986458/0.20183183252811432/0.039247602224349976');
INSERT INTO `face_collect` VALUES (10077, '1089', '15586026518596292', '0000-00-00 00:00:00', '-0.08670482039451599/0.052090294659137726/-0.02213560976088047/-0.02804706245660782/-0.07621841132640839/0.03462152183055878/-0.05807498097419739/-0.12428735941648483/0.10160370916128159/-0.11047738045454025/0.12397261708974838/-0.03727324306964874/-0.2396383285522461/-0.1230761855840683/-0.09419593960046768/0.13906052708625793/-0.12556977570056915/-0.18012192845344543/-0.03520664945244789/-0.021682091057300568/0.05371246486902237/0.03213831037282944/0.0016017495654523373/0.0672926977276802/-0.09530507028102875/-0.3508094549179077/-0.08059310913085938/-0.0620085671544075/-0.012441801838576794/-0.0015829965705052018/-0.07082383334636688/0.037595752626657486/-0.246470108628273/-0.03847108781337738/4.2965635657310486e-05/0.09259521216154099/0.0066886162385344505/-0.013194079510867596/0.16381677985191345/0.025595132261514664/-0.20012971758842468/0.07526132464408875/0.05301416665315628/0.3148438036441803/0.19419507682323456/0.0507863387465477/0.029605988413095474/-0.13990625739097595/0.09352293610572815/-0.15508902072906494/0.04633864015340805/0.17711207270622253/0.027562910690903664/0.027001947164535522/-0.049132972955703735/-0.12795737385749817/0.04839744046330452/0.11842643469572067/-0.1285792589187622/0.07894466072320938/0.09517019987106323/-0.08558288216590881/-0.020408950746059418/-0.05442352965474129/0.24253542721271515/0.034662455320358276/-0.09031199663877487/-0.23158739507198334/0.12330924719572067/-0.2305566668510437/-0.0721115991473198/0.0442647784948349/-0.13207171857357025/-0.1603032350540161/-0.34116387367248535/0.037254005670547485/0.3806439936161041/0.16920959949493408/-0.17237244546413422/0.1208893284201622/-0.06272630393505096/0.03174879774451256/0.2318386435508728/0.15448340773582458/-0.008252881467342377/0.034012194722890854/-0.13092349469661713/0.0194409042596817/0.27760523557662964/0.020449437201023102/-0.06729210913181305/0.21206073462963104/0.034802597016096115/0.0373297743499279/0.07115679234266281/0.028093701228499413/-0.06931178271770477/0.033427298069000244/-0.1704452484846115/0.02165333554148674/0.008834411390125751/-0.03292139992117882/0.025365713983774185/0.10928662121295929/-0.128859281539917/0.14422719180583954/-0.02526344545185566/0.048035427927970886/0.012980412691831589/-0.03956026956439018/-0.12996752560138702/-0.03044174611568451/0.1369219273328781/-0.2284843772649765/0.20631150901317596/0.14017610251903534/0.13585522770881653/0.11907175928354263/0.1729150414466858/0.08297853171825409/-0.028178248554468155/-0.01858036406338215/-0.2535293698310852/-0.024098653346300125/0.09968053549528122/-0.06395646929740906/0.17586934566497803/0.03990975394845009');
INSERT INTO `face_collect` VALUES (10078, '1090', '1558602801772151', '0000-00-00 00:00:00', '-0.0794244259595871/0.10184331238269806/0.04317206144332886/-0.07312465459108353/0.00017941358964890242/-0.005734121426939964/-0.07573965191841125/-0.07936674356460571/0.09317007660865784/-0.12041142582893372/0.265497624874115/-0.10911524295806885/-0.2576920688152313/-0.03080087900161743/-0.005827535409480333/0.13050062954425812/-0.2050187587738037/-0.11744706332683563/-0.017982570454478264/0.02040817029774189/0.09973565489053726/-0.004095262847840786/-0.007996220141649246/0.06230344995856285/-0.11404310911893845/-0.3211943209171295/-0.10814234614372253/-0.05978435277938843/0.011442833580076694/-0.08758466690778732/-0.06657759845256805/-0.0038691037334501743/-0.17067816853523254/-0.008311204612255096/0.056111764162778854/0.07629912346601486/0.010868845507502556/-0.03615841642022133/0.18780925869941711/0.06808043271303177/-0.18558399379253387/0.0464627631008625/0.020798861980438232/0.2591235339641571/0.15627822279930115/0.10961966216564178/-0.021786540746688843/-0.1640527844429016/0.12957365810871124/-0.1674671620130539/0.09947989135980606/0.17342618107795715/0.1367596983909607/0.033660613000392914/0.011285446584224701/-0.14856375753879547/-0.0024953726679086685/0.1876142919063568/-0.1931057721376419/0.08842257410287857/0.09156002849340439/-0.0647502914071083/-0.0027013588696718216/-0.10302611440420151/0.21348734200000763/0.10738737136125565/-0.17527596652507782/-0.16890093684196472/0.16135622560977936/-0.09585031867027283/-0.10441822558641434/0.067496158182621/-0.12827688455581665/-0.18017546832561493/-0.2760293185710907/0.020068559795618057/0.31796926259994507/0.1100933849811554/-0.2126067727804184/0.0010052435100078583/-0.040273476392030716/-0.03286721929907799/0.0824703723192215/0.17531582713127136/-0.08651825040578842/0.004790076054632664/-0.06102171167731285/-0.01864810101687908/0.1897435486316681/0.029595769941806793/-0.033747266978025436/0.21812255680561066/-0.06483760476112366/0.07662282884120941/0.026437895372509956/0.014322088100016117/-0.13839025795459747/-0.03989822417497635/-0.15883097052574158/-0.10758130252361298/-0.041478365659713745/-0.05733994394540787/-0.0466749481856823/0.18696355819702148/-0.18953172862529755/0.13082538545131683/-0.039466071873903275/-0.013961710035800934/0.006760836113244295/0.02030581794679165/-0.045956652611494064/-0.036683253943920135/0.10457218438386917/-0.2698764503002167/0.13589225709438324/0.16629637777805328/0.13165068626403809/0.07128991931676865/0.12040344625711441/0.06559904664754868/0.01449741329997778/-0.014366631396114826/-0.284841388463974/-0.0368286669254303/0.08556371927261353/-0.013174951076507568/0.10051116347312927/-0.028123393654823303');
INSERT INTO `face_collect` VALUES (10079, '1090', '15586028013159285', '0000-00-00 00:00:00', '-0.12569263577461243/0.10008085519075394/0.006972148083150387/-0.007029367610812187/-0.05871754512190819/-0.034601643681526184/-0.06940397620201111/-0.13543911278247833/0.09497827291488647/-0.11314678192138672/0.19909220933914185/-0.05930080637335777/-0.20443418622016907/-0.0846698135137558/-0.016911283135414124/0.18347923457622528/-0.16120223701000214/-0.13896825909614563/-0.11415763199329376/-0.0005519147962331772/0.034804850816726685/-0.001179375103674829/-0.003599888877943158/0.047061190009117126/-0.019387196749448776/-0.36901673674583435/-0.13384196162223816/-0.020649362355470657/0.023226937279105186/0.0016523132799193263/-0.0655793845653534/-0.011081862263381481/-0.15008796751499176/-0.08649897575378418/0.10501749813556671/0.07699345052242279/0.008317282423377037/-0.057148247957229614/0.22243300080299377/0.01757926680147648/-0.23697331547737122/0.07597485929727554/0.1446191966533661/0.24914194643497467/0.1358138620853424/0.08932994306087494/-0.00036955811083316803/-0.16183353960514069/0.15449091792106628/-0.12179439514875412/0.05335887894034386/0.17084521055221558/0.18322253227233887/0.03441905230283737/0.030580956488847733/-0.16179612278938293/0.04788421839475632/0.17663106322288513/-0.18149082362651825/0.024553725495934486/0.10854913294315338/-0.0900726318359375/-0.07080411911010742/-0.09530351310968399/0.1999100297689438/0.12860026955604553/-0.13372208178043365/-0.22449778020381927/0.12207044661045074/-0.1195044070482254/-0.04303693026304245/0.058626651763916016/-0.11448676884174347/-0.17416620254516602/-0.27756091952323914/0.011734622530639172/0.3941286504268646/0.12387270480394363/-0.20986562967300415/0.007742173969745636/-0.060212235897779465/-0.028626400977373123/0.08212272822856903/0.14217005670070648/-0.11510184407234192/-0.009879721328616142/-0.09138936549425125/-0.06671763211488724/0.18468624353408813/0.04538723826408386/0.0023041749373078346/0.1842629462480545/0.018292956054210663/0.045638516545295715/0.0253496952354908/0.027424557134509087/-0.16132305562496185/-0.030471734702587128/-0.14927123486995697/-0.09926285594701767/0.011679563671350479/-0.09105295687913895/0.021877674385905266/0.09574317932128906/-0.22168299555778503/0.13363631069660187/-0.02984594739973545/0.02648351714015007/0.044668007642030716/0.02723689191043377/-0.04587284475564957/-0.030667079612612724/0.11329830437898636/-0.22517551481723785/0.1454041302204132/0.15346896648406982/0.06109312176704407/0.1252869963645935/0.16318581998348236/0.12970110774040222/-0.04560017213225365/-0.008290856145322323/-0.2292848527431488/-0.07084653526544571/0.07196471095085144/-0.04195958748459816/0.12861368060112/-0.0022908919490873814');
INSERT INTO `face_collect` VALUES (10080, '1090', '15586028007431955', '0000-00-00 00:00:00', '-0.1410786211490631/0.19154183566570282/0.002070243936032057/-0.0198831744492054/-0.08255326747894287/0.03943874314427376/-0.08896318823099136/-0.0728769451379776/0.15893910825252533/-0.15096323192119598/0.14098192751407623/-0.04402380809187889/-0.275953471660614/-0.009398754686117172/-0.02443196438252926/0.19982334971427917/-0.17980951070785522/-0.15900620818138123/-0.03430618345737457/-0.029157858341932297/0.0684642568230629/0.03664615750312805/-0.01758921518921852/0.0725523829460144/-0.055070661008358/-0.3419799208641052/-0.1105959564447403/-0.05566834658384323/-0.009886355139315128/-0.034783534705638885/-0.1139872819185257/-0.05683068558573723/-0.16568002104759216/-0.05154673755168915/0.0561399981379509/0.0864824503660202/0.015460667200386524/-0.022014683112502098/0.19496020674705505/0.02947838045656681/-0.20569546520709991/0.05608901381492615/0.07997012138366699/0.30155372619628906/0.17867542803287506/0.07342959940433502/-0.013202628120779991/-0.18327701091766357/0.13785268366336823/-0.12704508006572723/0.08257138729095459/0.18459901213645935/0.1038832813501358/0.0841534435749054/-0.02040935680270195/-0.1597161740064621/0.029126614332199097/0.17849065363407135/-0.1554895043373108/0.03915228694677353/0.12282496690750122/-0.07135593146085739/-0.02856694720685482/-0.06091593950986862/0.2657204270362854/0.08058658987283707/-0.13344185054302216/-0.2659468948841095/0.12032485008239746/-0.1663939654827118/-0.10624372214078903/0.049932800233364105/-0.13962385058403015/-0.17734868824481964/-0.3213369846343994/0.05541622266173363/0.38355761766433716/0.18059967458248138/-0.19164854288101196/0.06301827728748322/-0.058435048907995224/-0.039865411818027496/0.13748495280742645/0.1998407393693924/-0.06823404133319855/0.009969557635486126/-0.0856132060289383/-0.0064779007807374/0.24235035479068756/0.021906722337007523/-0.056721724569797516/0.2008143663406372/0.03578260540962219/0.07815048098564148/0.030691945925354958/0.047235146164894104/-0.12578348815441132/-0.03844587504863739/-0.2096843421459198/-0.1024186760187149/-0.03401179611682892/-0.04254572093486786/-0.036593709141016006/0.14870262145996094/-0.21512141823768616/0.1451469361782074/-0.015054005198180676/0.009975645691156387/-0.04676384851336479/0.030908212065696716/-0.10939748585224152/-0.023215077817440033/0.1521424502134323/-0.23129260540008545/0.16653817892074585/0.17365719377994537/0.11886049807071686/0.12364192306995392/0.17369934916496277/0.09183411300182343/0.00979309156537056/-0.028940562158823013/-0.2572251558303833/-0.04273650795221329/0.12499330937862396/-0.017436020076274872/0.16445977985858917/0.03343364968895912');
INSERT INTO `face_collect` VALUES (10081, '1090', '1558602798937763', '0000-00-00 00:00:00', '-0.13017457723617554/0.040715400129556656/0.023747283965349197/-0.08127591013908386/-0.10616740584373474/-0.03190242871642113/-0.09719468653202057/-0.10547536611557007/0.10468550771474838/-0.18582068383693695/0.20215323567390442/-0.037999194115400314/-0.2314472794532776/-0.036648940294981/-0.022642701864242554/0.16700349748134613/-0.12230166792869568/-0.14749741554260254/-0.029415741562843323/-0.021334564313292503/0.021140625700354576/0.06612900644540787/0.027860233560204506/0.06246500089764595/-0.08493711799383163/-0.31005406379699707/-0.12895648181438446/-0.0939413458108902/-0.01316804438829422/0.009149576537311077/-0.06559579819440842/-0.033498600125312805/-0.12786921858787537/-0.007257450371980667/0.08108054846525192/0.08852104842662811/0.03193828836083412/-0.02219190075993538/0.20460951328277588/0.021743357181549072/-0.27168992161750793/0.08160209655761719/0.07447954267263412/0.242091104388237/0.14999359846115112/0.05880291759967804/0.020575430244207382/-0.22463376820087433/0.16725175082683563/-0.10542477667331696/0.08806456625461578/0.1264856904745102/0.14373143017292023/-0.01640039123594761/0.01691504195332527/-0.15639258921146393/0.048234038054943085/0.20874053239822388/-0.18770337104797363/0.03330983594059944/0.08690375834703445/-0.028610628098249435/0.00996374897658825/-0.08557187765836716/0.24451972544193268/0.05474628508090973/-0.15940465033054352/-0.23591040074825287/0.13283208012580872/-0.1732199788093567/-0.10304412245750427/0.12205260992050171/-0.17339114844799042/-0.19992715120315552/-0.3159749507904053/0.039867304265499115/0.3750338554382324/0.1454979032278061/-0.17467473447322845/0.08115935325622559/-0.024249935522675514/-0.03696467727422714/0.104105643928051/0.20832839608192444/-0.04398736357688904/-0.022060131654143333/-0.0652177482843399/-0.06270550191402435/0.24954263865947723/-0.027063608169555664/-0.02798912487924099/0.1638643890619278/0.016805963590741158/0.10690014064311981/0.0002570520155131817/0.022015873342752457/-0.1536865532398224/-0.013244321569800377/-0.1455189734697342/-0.052229657769203186/-0.08837252110242844/-0.01825406402349472/-0.010943558067083359/0.12167476117610931/-0.21328099071979523/0.15761086344718933/-0.05608871951699257/-0.059674955904483795/-0.05105125531554222/0.02684940956532955/-0.02487834542989731/-0.035059165209531784/0.11579747498035431/-0.23946726322174072/0.17550529539585114/0.17140312492847443/0.16641868650913239/0.1471947431564331/0.1577276587486267/0.04879153519868851/-0.007784967310726643/0.02376249060034752/-0.26600056886672974/-0.03234224393963814/0.11431730538606644/-0.10127399861812592/0.17542171478271484/0.015752222388982773');
INSERT INTO `face_collect` VALUES (10082, '1090', '15586027971312568', '0000-00-00 00:00:00', '-0.03928171470761299/0.061022669076919556/0.04161765053868294/-0.06796763092279434/-0.10295280069112778/-0.01746010035276413/-0.08537915349006653/-0.03856400027871132/0.12372488528490067/-0.10202167928218842/0.18060795962810516/-0.12350211292505264/-0.25777581334114075/0.014149080961942673/-0.06247875839471817/0.164317786693573/-0.157394140958786/-0.16295550763607025/-0.017851393669843674/-0.003495790995657444/-0.0016772409435361624/0.05003338307142258/0.017929144203662872/0.07355505973100662/-0.06729651987552643/-0.36938247084617615/-0.10595769435167313/-0.10308247804641724/0.00821525976061821/-0.07535146921873093/-0.09452793002128601/-0.0032100360840559006/-0.17164158821105957/-0.02422734536230564/0.09465969353914261/0.051823727786540985/0.03537975251674652/-0.01838996261358261/0.22081437706947327/0.031024783849716187/-0.27029019594192505/0.07784527540206909/0.07505115866661072/0.26173022389411926/0.16959735751152039/0.10149934142827988/-0.007181709632277489/-0.17691031098365784/0.146544948220253/-0.099489726126194/0.120059534907341/0.1569722443819046/0.16886019706726074/0.0008353805169463158/-0.023301079869270325/-0.116536945104599/-0.00915423221886158/0.19845189154148102/-0.21395449340343475/0.05505817383527756/0.13692766427993774/-0.03899477422237396/-0.007371698506176472/-0.08367697149515152/0.24121502041816711/0.03814361244440079/-0.14148254692554474/-0.23355905711650848/0.1759796142578125/-0.18593156337738037/-0.07787930220365524/0.0947793573141098/-0.11710172146558762/-0.1638484001159668/-0.2672969102859497/0.03751663863658905/0.3649601936340332/0.11987009644508362/-0.183663010597229/0.07268011569976807/-0.03153793886303902/-0.034734174609184265/0.059991516172885895/0.17577573657035828/-0.07906182110309601/0.035689838230609894/-0.06707935035228729/-0.025396646931767464/0.22250248491764069/-0.01138350274413824/-0.020831583067774773/0.15153199434280396/-0.022755920886993408/0.09079288691282272/0.029199253767728806/0.027170715853571892/-0.13734257221221924/-0.004831409081816673/-0.1765388697385788/-0.054385706782341/-0.0726163238286972/-0.0021541230380535126/-0.024094007909297943/0.12860436737537384/-0.1921609789133072/0.14532345533370972/-0.059865836054086685/-0.06592008471488953/-0.04291094094514847/0.05800426006317139/-0.007382641546428204/-0.07295290380716324/0.13614337146282196/-0.28396305441856384/0.14291970431804657/0.12476058304309845/0.1441829949617386/0.11506937444210052/0.09558967500925064/0.0641133040189743/0.025846954435110092/-0.031788937747478485/-0.2777285873889923/-0.05644771456718445/0.12214480340480804/-0.05830437317490578/0.17586253583431244/0.02396155707538128');
INSERT INTO `face_collect` VALUES (10083, '1090', '15586027965213516', '0000-00-00 00:00:00', '-0.08784350007772446/0.073115274310112/0.00970742478966713/-0.06404571235179901/-0.06876550614833832/-0.023517008870840073/-0.13793912529945374/-0.0653722733259201/0.13197700679302216/-0.13175779581069946/0.19157986342906952/-0.055835600942373276/-0.24677103757858276/0.03045223094522953/-0.08422185480594635/0.15756496787071228/-0.17819784581661224/-0.13087932765483856/-0.0030527664348483086/0.008161937817931175/0.06130119413137436/0.0394478477537632/-0.033722471445798874/0.1108764111995697/-0.06444123387336731/-0.3358038365840912/-0.09370506554841995/-0.07168242335319519/0.01050627138465643/-0.03787076473236084/-0.10512219369411469/-0.029991276562213898/-0.15136297047138214/-0.013766305521130562/0.06762470304965973/0.07337801158428192/0.05318563058972359/0.003695771098136902/0.18559768795967102/0.040848780423402786/-0.23110629618167877/0.07248843461275101/0.06570980697870255/0.26136288046836853/0.19374355673789978/0.10747280716896057/0.008680399507284164/-0.1947658658027649/0.14321091771125793/-0.17633499205112457/0.10208611935377121/0.14041393995285034/0.14585325121879578/0.013020599260926247/0.025524109601974487/-0.20637552440166473/0.0008178399875760078/0.208572655916214/-0.16726458072662354/0.0867149606347084/0.06580766290426254/-0.04156189784407616/0.023873280733823776/-0.054649848490953445/0.25860700011253357/0.07438783347606659/-0.1545078605413437/-0.1949649602174759/0.14808346331119537/-0.17202772200107574/-0.09502896666526794/0.06672106683254242/-0.09771015495061874/-0.17020238935947418/-0.33470091223716736/0.014493254013359547/0.40274471044540405/0.15701325237751007/-0.2074320912361145/0.10938055068254471/-0.03865946829319/-0.027113163843750954/0.12659569084644318/0.151559516787529/-0.09057823568582535/-0.012434611096978188/-0.0967477411031723/-0.04182465001940727/0.21370357275009155/0.050416313111782074/-0.012748736888170242/0.162975013256073/-0.029411662369966507/0.10720257461071014/0.0389258898794651/0.07482688874006271/-0.17337803542613983/-0.03653665632009506/-0.14992713928222656/-0.09713378548622131/-0.05369465425610542/-0.0057938480749726295/0.003113051410764456/0.15814568102359772/-0.22522065043449402/0.1315067559480667/-0.06136041879653931/-0.02375045046210289/-0.004769917111843824/0.08337713778018951/-0.016528315842151642/-0.02795688807964325/0.12246173620223999/-0.2722253203392029/0.15888872742652893/0.13157439231872559/0.1180698424577713/0.14203894138336182/0.11737646162509918/0.053135670721530914/-0.011476649902760983/-0.019958924502134323/-0.2642534673213959/-0.038416869938373566/0.06841664016246796/-0.06771864742040634/0.1732713133096695/0.031780876219272614');
INSERT INTO `face_collect` VALUES (10084, '1015', '15588403957283542', '2019-05-26 11:13:16', '-0.09994381666183472/0.034286558628082275/0.05501037463545799/-0.034125037491321564/-0.07422985136508942/-0.07555308192968369/-0.07106602936983109/-0.13022974133491516/0.13477791845798492/-0.1333358883857727/0.28195276856422424/-0.043024517595767975/-0.1758967787027359/-0.1469365805387497/-0.040553417056798935/0.19776752591133118/-0.17339369654655457/-0.1258266121149063/-0.023562170565128326/-0.008941810578107834/0.0889618769288063/-0.042991798371076584/0.07591237127780914/0.09578021615743637/-0.10876286774873734/-0.3984687030315399/-0.12965896725654602/-0.0817788690328598/-0.01717197522521019/-0.06412781774997711/-0.06953337788581848/0.08122077584266663/-0.2108411341905594/-0.033813416957855225/-0.023564429953694344/0.12747769057750702/-0.02357199788093567/-0.09183435887098312/0.15887001156806946/-0.008624590002000332/-0.20548900961875916/0.04433411359786987/0.018777858465909958/0.20653948187828064/0.15407273173332214/0.032073747366666794/0.05396084487438202/-0.1119832992553711/0.09860756248235703/-0.1009920984506607/0.015583928674459457/0.13595052063465118/0.08186744153499603/0.02635115385055542/0.016967426985502243/-0.09784860908985138/0.06329035013914108/0.07976511865854263/-0.09927669167518616/-0.01629236526787281/0.00510016456246376/-0.12195233255624771/-0.02625362202525139/-0.07108962535858154/0.2075580507516861/0.08251499384641647/-0.08304060995578766/-0.1477820724248886/0.11917147785425186/-0.13947834074497223/-0.09235724806785583/0.027366790920495987/-0.1772356629371643/-0.17535066604614258/-0.3469833433628082/0.007500543259084225/0.35101625323295593/0.06026551499962807/-0.20381389558315277/0.10603339225053787/-0.01009449828416109/-0.008547695353627205/0.10908760875463486/0.21882207691669464/-0.024828987196087837/0.06082829833030701/-0.14012698829174042/0.01552081760019064/0.1881890892982483/-0.06839264929294586/-0.00977247953414917/0.22582940757274628/-0.017816737294197083/0.11167363822460175/0.0572110079228878/-0.003008894855156541/-0.04790335148572922/0.06190481781959534/-0.08079268783330917/0.032670874148607254/0.0721367746591568/-0.045595936477184296/-0.06102685630321503/0.03930632770061493/-0.1425589621067047/0.04059722274541855/-0.005965014919638634/0.03264322131872177/0.04313867539167404/0.01251835934817791/-0.13175731897354126/-0.12181976437568665/0.07679688185453415/-0.24361103773117065/0.18357816338539124/0.21781709790229797/0.04011617228388786/0.13763567805290222/0.13563823699951172/0.12459398061037064/-0.02921215631067753/-0.012701911851763725/-0.19461297988891602/0.006747223902493715/0.11569317430257797/-0.011483009904623032/0.045507654547691345/0.006552110891789198');
INSERT INTO `face_collect` VALUES (10085, '1015', '15588404008350704', '2019-05-26 11:13:21', '-0.09399693459272385/0.055858172476291656/0.050094787031412125/-0.028804639354348183/-0.05145103111863136/-0.09272196888923645/-0.08588870614767075/-0.12362166494131088/0.1304025948047638/-0.0955270379781723/0.2750855088233948/-0.044447846710681915/-0.19528326392173767/-0.1412600725889206/-0.03273765742778778/0.18674910068511963/-0.1839957982301712/-0.12139388918876648/-0.009108904749155045/0.01792057417333126/0.08843299746513367/-0.051552966237068176/0.10689886659383774/0.08909309655427933/-0.1336509883403778/-0.39287829399108887/-0.14334730803966522/-0.09291961789131165/-0.02495032362639904/-0.04577578604221344/-0.047787562012672424/0.08654887974262238/-0.16909736394882202/-0.004400290548801422/-0.010943290777504444/0.1103331595659256/-0.02953258343040943/-0.09622396528720856/0.19384735822677612/-0.0004150727763772011/-0.24163487553596497/0.009955634362995625/0.010778709314763546/0.21845519542694092/0.1745859533548355/0.032571129500865936/0.07604388892650604/-0.09120331704616547/0.09182317554950714/-0.11258487403392792/-0.0033591128885746002/0.15869475901126862/0.06839936226606369/0.01854369416832924/0.00532766617834568/-0.08285626769065857/0.07702751457691193/0.07624950259923935/-0.1163226068019867/-0.035646211355924606/0.027377894148230553/-0.15040293335914612/-0.0104092201218009/-0.04259327054023743/0.2206677794456482/0.08275660127401352/-0.10250160843133926/-0.16000975668430328/0.13629093766212463/-0.14508281648159027/-0.09747424721717834/0.06894945353269577/-0.19279685616493225/-0.18085066974163055/-0.3573121726512909/-0.0038551464676856995/0.3681090474128723/0.04504389688372612/-0.1538708359003067/0.10109793394804001/-0.021526049822568893/-0.013935057446360588/0.08205104619264603/0.2288411259651184/-0.043734487146139145/0.04253998398780823/-0.16544613242149353/0.002454260364174843/0.21527834236621857/-0.09081083536148071/-0.02052782103419304/0.20009000599384308/-0.013554045930504799/0.1185947060585022/0.035166796296834946/0.014709320850670338/-0.043504707515239716/0.06994539499282837/-0.06097305193543434/0.04962077736854553/0.07906396687030792/-0.035919398069381714/-0.0484413281083107/0.06583608686923981/-0.13177792727947235/0.03782989829778671/-0.004659161902964115/0.016340695321559906/0.034180305898189545/0.011203867383301258/-0.12379908561706543/-0.12825101613998413/0.0736173689365387/-0.24516230821609497/0.169288769364357/0.21550413966178894/0.06896644830703735/0.10409975796937943/0.128321573138237/0.11357205361127853/-0.03616070747375488/-0.009796669706702232/-0.19758251309394836/-0.0006940861931070685/0.09900878369808197/0.0005916482768952847/0.046645693480968475/-0.001547432504594326');
INSERT INTO `face_collect` VALUES (10086, '1015', '15588404071501834', '2019-05-26 11:13:33', '-0.09066521376371384/0.05516678839921951/0.048633258789777756/-0.032923776656389236/-0.03928899019956589/-0.10036638379096985/-0.07685912400484085/-0.11693454533815384/0.14062760770320892/-0.10035838186740875/0.27714118361473083/-0.04678728058934212/-0.19565530121326447/-0.14485839009284973/-0.03779050335288048/0.19853246212005615/-0.20164251327514648/-0.11312517523765564/-0.012192802503705025/0.014604317024350166/0.08611602336168289/-0.047116585075855255/0.10971586406230927/0.09249495714902878/-0.128084197640419/-0.39382627606391907/-0.14819057285785675/-0.1003446951508522/-0.02750490978360176/-0.035328350961208344/-0.047201938927173615/0.0823870375752449/-0.16734831035137177/-0.02199138142168522/-0.00941597018390894/0.11492949724197388/-0.02496698871254921/-0.08626480400562286/0.19602470099925995/8.399598300457001e-05/-0.22309429943561554/0.011761875823140144/0.002477312460541725/0.23171937465667725/0.17563988268375397/0.04282955452799797/0.07340759038925171/-0.08692677319049835/0.08042798191308975/-0.12722791731357574/0.0005402080714702606/0.14459335803985596/0.07520153373479843/0.018290502950549126/0.006307256408035755/-0.0816405788064003/0.07117924094200134/0.07873671501874924/-0.12580692768096924/-0.04280669987201691/0.026123017072677612/-0.14441566169261932/-0.008137881755828857/-0.045139431953430176/0.23325923085212708/0.08639777451753616/-0.1147555336356163/-0.1491466611623764/0.12788884341716766/-0.14923551678657532/-0.09104970842599869/0.05280689522624016/-0.18572066724300385/-0.16825401782989502/-0.3746616840362549/-0.011103169992566109/0.36833053827285767/0.04512982815504074/-0.15214170515537262/0.08889370411634445/-0.033207740634679794/-0.008498940616846085/0.08015914261341095/0.21304482221603394/-0.050403159111738205/0.04565415158867836/-0.16224294900894165/0.008865044452250004/0.19357730448246002/-0.09290444850921631/-0.029181556776165962/0.1940719187259674/-0.023470759391784668/0.11956863105297089/0.030364565551280975/0.013402045704424381/-0.042669519782066345/0.06908442825078964/-0.05949660390615463/0.06143375486135483/0.08222393691539764/-0.030657676979899406/-0.04208632931113243/0.06626779586076736/-0.13366127014160156/0.03511371463537216/-0.013337927870452404/0.010846137069165707/0.03499022126197815/0.013858194462954998/-0.1414121687412262/-0.12374819815158844/0.08847109228372574/-0.24726800620555878/0.16323703527450562/0.22265441715717316/0.0454484224319458/0.10914982855319977/0.1250583678483963/0.1107390746474266/-0.052557460963726044/-0.007512737065553665/-0.20585903525352478/0.0003431223740335554/0.10172387957572937/0.002691734116524458/0.06764911115169525/-0.0002583027817308903');

-- ----------------------------
-- Table structure for facerecdb_contact
-- ----------------------------
DROP TABLE IF EXISTS `facerecdb_contact`;
CREATE TABLE `facerecdb_contact`  (
  `id` int(11) NOT NULL AUTO_INCREMENT,
  `name` varchar(200) CHARACTER SET utf8 COLLATE utf8_general_ci NOT NULL,
  `age` int(11) NOT NULL,
  `email` varchar(254) CHARACTER SET utf8 COLLATE utf8_general_ci NOT NULL,
  PRIMARY KEY (`id`) USING BTREE
) ENGINE = InnoDB AUTO_INCREMENT = 1 CHARACTER SET = utf8 COLLATE = utf8_general_ci ROW_FORMAT = Compact;

-- ----------------------------
-- Table structure for facerecdb_featureurl
-- ----------------------------
DROP TABLE IF EXISTS `facerecdb_featureurl`;
CREATE TABLE `facerecdb_featureurl`  (
  `id` int(11) NOT NULL AUTO_INCREMENT,
  `stu_id` varchar(20) CHARACTER SET utf8 COLLATE utf8_general_ci NOT NULL,
  `feature_url` varchar(225) CHARACTER SET utf8 COLLATE utf8_general_ci NOT NULL,
  PRIMARY KEY (`id`) USING BTREE
) ENGINE = InnoDB AUTO_INCREMENT = 1 CHARACTER SET = utf8 COLLATE = utf8_general_ci ROW_FORMAT = Compact;

-- ----------------------------
-- Table structure for facerecdb_stuinfo
-- ----------------------------
DROP TABLE IF EXISTS `facerecdb_stuinfo`;
CREATE TABLE `facerecdb_stuinfo`  (
  `id` int(11) NOT NULL AUTO_INCREMENT,
  `name` varchar(20) CHARACTER SET utf8 COLLATE utf8_general_ci NOT NULL,
  PRIMARY KEY (`id`) USING BTREE
) ENGINE = InnoDB AUTO_INCREMENT = 1 CHARACTER SET = utf8 COLLATE = utf8_general_ci ROW_FORMAT = Compact;

-- ----------------------------
-- Table structure for facerecdb_tag
-- ----------------------------
DROP TABLE IF EXISTS `facerecdb_tag`;
CREATE TABLE `facerecdb_tag`  (
  `id` int(11) NOT NULL AUTO_INCREMENT,
  `name` varchar(50) CHARACTER SET utf8 COLLATE utf8_general_ci NOT NULL,
  `contact_id` int(11) NOT NULL,
  PRIMARY KEY (`id`) USING BTREE,
  INDEX `FaceRecDB_tag_contact_id_4547a710`(`contact_id`) USING BTREE
) ENGINE = InnoDB AUTO_INCREMENT = 1 CHARACTER SET = utf8 COLLATE = utf8_general_ci ROW_FORMAT = Compact;

-- ----------------------------
-- Table structure for facerecdb_test
-- ----------------------------
DROP TABLE IF EXISTS `facerecdb_test`;
CREATE TABLE `facerecdb_test`  (
  `id` int(11) NOT NULL AUTO_INCREMENT,
  `name` varchar(20) CHARACTER SET utf8 COLLATE utf8_general_ci NOT NULL,
  PRIMARY KEY (`id`) USING BTREE
) ENGINE = InnoDB AUTO_INCREMENT = 1 CHARACTER SET = utf8 COLLATE = utf8_general_ci ROW_FORMAT = Compact;

-- ----------------------------
-- Table structure for student
-- ----------------------------
DROP TABLE IF EXISTS `student`;
CREATE TABLE `student`  (
  `student_id` int(11) NOT NULL AUTO_INCREMENT,
  `student_name` varchar(255) CHARACTER SET utf8 COLLATE utf8_general_ci NULL DEFAULT NULL,
  `student_class` varchar(255) CHARACTER SET utf8 COLLATE utf8_general_ci NULL DEFAULT NULL,
  `student_num` varchar(255) CHARACTER SET utf8 COLLATE utf8_general_ci NULL DEFAULT NULL,
  `college_id` int(10) NULL DEFAULT NULL,
  `student_phone` varchar(255) CHARACTER SET utf8 COLLATE utf8_general_ci NULL DEFAULT NULL,
  `student_sex` varchar(255) CHARACTER SET utf8 COLLATE utf8_general_ci NULL DEFAULT NULL,
  `student_grade` varchar(255) CHARACTER SET utf8 COLLATE utf8_general_ci NULL DEFAULT NULL,
  `status` varchar(40) CHARACTER SET utf8 COLLATE utf8_general_ci NULL DEFAULT 'Y',
  PRIMARY KEY (`student_id`) USING BTREE,
  INDEX `class`(`student_class`) USING BTREE,
  INDEX `grade`(`student_grade`) USING BTREE
) ENGINE = InnoDB AUTO_INCREMENT = 1096 CHARACTER SET = utf8 COLLATE = utf8_general_ci ROW_FORMAT = Compact;

-- ----------------------------
-- Records of student
-- ----------------------------
INSERT INTO `student` VALUES (1000, '刘俊伟', '150807', '3115001487', 1, '15023123112', '男', '1', 'Y');
INSERT INTO `student` VALUES (1001, '杨康俊', '150807', '3115001781', 1, '15023123112', '男', '1', 'Y');
INSERT INTO `student` VALUES (1002, '黄俊颖', '150807', '3115002005', 1, '15023123112', '男', '1', 'Y');
INSERT INTO `student` VALUES (1003, '朱福源', '150807', '3115002168', 1, '15023123112', '男', '1', 'Y');
INSERT INTO `student` VALUES (1004, '黎健明', '150807', '3115002177', 1, NULL, '男', '1', 'Y');
INSERT INTO `student` VALUES (1005, '黄辉鹏', '150807', '3115002202', 1, NULL, '男', '1', 'Y');
INSERT INTO `student` VALUES (1006, '黄承涛', '150807', '3115002302', 1, NULL, '男', '1', 'Y');
INSERT INTO `student` VALUES (1007, '苏锐生', '150807', '3115002352', 1, NULL, '男', '1', 'Y');
INSERT INTO `student` VALUES (1008, '陆志彬', '150807', '3115002402', 1, NULL, '男', '1', 'Y');
INSERT INTO `student` VALUES (1009, '李文理', '150807', '3115002572', 1, NULL, '男', '1', 'Y');
INSERT INTO `student` VALUES (1010, '吴艺星', '150807', '3115002588', 1, NULL, '男', '1', 'Y');
INSERT INTO `student` VALUES (1011, '彭立坤', '150807', '3115002703', 1, NULL, '男', '1', 'Y');
INSERT INTO `student` VALUES (1012, '李林达', '150807', '3115002732', 1, '15023123112', '男', '1', 'Y');
INSERT INTO `student` VALUES (1013, '李文俊', '150807', '3115003150', 1, NULL, '男', '1', 'Y');
INSERT INTO `student` VALUES (1014, '伍锦权', '150807', '3115003183', 1, '15023123112', '男', '1', 'Y');
INSERT INTO `student` VALUES (1015, '周轩衔', '150809', '3115003439', 1, NULL, '男', '1', 'Y');
INSERT INTO `student` VALUES (1016, '麦进星', '150807', '3115003490', 1, NULL, '男', '1', 'Y');
INSERT INTO `student` VALUES (1017, '谢仲强', '150807', '3115003525', 1, NULL, '男', '1', 'Y');
INSERT INTO `student` VALUES (1018, '张健', '150807', '3115003546', 1, NULL, '男', '1', 'Y');
INSERT INTO `student` VALUES (1019, '刘文豪', '150807', '3115003894', 1, NULL, '男', '1', 'Y');
INSERT INTO `student` VALUES (1020, '梁超', '150807', '3115004150', 1, NULL, '男', '1', 'Y');
INSERT INTO `student` VALUES (1021, '陈有成', '150807', '3115004160', 1, NULL, '男', '1', 'Y');
INSERT INTO `student` VALUES (1022, '王杰', '150807', '3115004351', 1, NULL, '男', '1', 'Y');
INSERT INTO `student` VALUES (1023, '张猛', '150807', '3115004375', 1, NULL, '男', '1', 'Y');
INSERT INTO `student` VALUES (1024, '邓威', '150807', '3115004414', 1, NULL, '男', '1', 'Y');
INSERT INTO `student` VALUES (1025, '黄浩志', '150807', '3115004460', 1, NULL, '男', '1', 'Y');
INSERT INTO `student` VALUES (1026, '梁浩', '150807', '3115004544', 1, NULL, '男', '1', 'Y');
INSERT INTO `student` VALUES (1027, '陈少婷', '150807', '3215000073', 1, NULL, '男', '1', 'Y');
INSERT INTO `student` VALUES (1028, '蔡艳娟', '150807', '3215000643', 1, NULL, '男', '1', 'Y');
INSERT INTO `student` VALUES (1029, '易桂冰', '150807', '3215001692', 1, NULL, '男', '1', 'Y');
INSERT INTO `student` VALUES (1030, '黄淑彬', '150807', '3215002976', 1, NULL, '男', '1', 'Y');
INSERT INTO `student` VALUES (1031, '杨丽婷', '150807', '3215002990', 1, NULL, '男', '1', 'Y');
INSERT INTO `student` VALUES (1032, '林曲宝', '150807', '3215003016', 1, NULL, '男', '1', 'Y');
INSERT INTO `student` VALUES (1033, '杨华青', '150807', '3215004037', 1, NULL, '男', '1', 'Y');
INSERT INTO `student` VALUES (1034, '梁淑怡', '150807', '3215004143', 1, NULL, '男', '1', 'Y');
INSERT INTO `student` VALUES (1035, '曾圆圆', '150807', '3215004336', 1, NULL, '男', '1', 'Y');
INSERT INTO `student` VALUES (1036, '李晓宇', '150807', '3215004446', 1, NULL, '男', '1', 'Y');
INSERT INTO `student` VALUES (1037, '张锦豪', '150808', '3115000172', 1, NULL, '男', '1', 'Y');
INSERT INTO `student` VALUES (1038, '周伟健', '150808', '3115000218', 1, NULL, '男', '1', 'Y');
INSERT INTO `student` VALUES (1039, '黎逢胜', '150808', '3115000356', 1, NULL, '男', '1', 'Y');
INSERT INTO `student` VALUES (1041, '谢轩', '150808', '3115000514', 1, NULL, '男', '1', 'Y');
INSERT INTO `student` VALUES (1042, '邝健锋', '150808', '3115000552', 1, NULL, '男', '1', 'Y');
INSERT INTO `student` VALUES (1043, '姚润声', '150808', '3115000616', 1, NULL, '男', '1', 'Y');
INSERT INTO `student` VALUES (1044, '朱天强', '150808', '3115000942', 1, NULL, '男', '1', 'Y');
INSERT INTO `student` VALUES (1045, '夏传华', '150808', '3115001316', 1, NULL, '男', '1', 'Y');
INSERT INTO `student` VALUES (1046, '陈树腾', '150808', '3115001390', 1, NULL, '男', '1', 'Y');
INSERT INTO `student` VALUES (1047, '方培东', '150808', '3115001812', 1, NULL, '男', '1', 'Y');
INSERT INTO `student` VALUES (1048, '阙豪杰', '150808', '3115001882', 1, NULL, '男', '1', 'Y');
INSERT INTO `student` VALUES (1049, '陈悦柯', '150808', '3115001899', 1, NULL, '男', '1', 'Y');
INSERT INTO `student` VALUES (1050, '何德钰', '150808', '3115001922', 1, NULL, '男', '1', 'Y');
INSERT INTO `student` VALUES (1051, '伦健铭', '150808', '3115001954', 1, NULL, '男', '1', 'Y');
INSERT INTO `student` VALUES (1052, '张凯龙', '150808', '3115002264', 1, NULL, '男', '1', 'Y');
INSERT INTO `student` VALUES (1053, '梁成雨', '150808', '3115002293', 1, NULL, '男', '1', 'Y');
INSERT INTO `student` VALUES (1054, '关振辉', '150808', '3115002377', 1, NULL, '男', '1', 'Y');
INSERT INTO `student` VALUES (1055, '潘伟校', '150808', '3115002407', 1, NULL, '男', '1', 'Y');
INSERT INTO `student` VALUES (1056, '李华勇', '150808', '3115002567', 1, NULL, '男', '1', 'Y');
INSERT INTO `student` VALUES (1057, '韩源', '150808', '3115002734', 1, NULL, '男', '1', 'Y');
INSERT INTO `student` VALUES (1058, '李庆华', '150808', '3115002793', 1, NULL, '男', '1', 'Y');
INSERT INTO `student` VALUES (1059, '黄耀祖', '150808', '3115003050', 1, NULL, '男', '1', 'Y');
INSERT INTO `student` VALUES (1060, '梁海宁', '150808', '3115003073', 1, NULL, '男', '1', 'Y');
INSERT INTO `student` VALUES (1061, '龙振佳', '150808', '3115003075', 1, NULL, '男', '1', 'Y');
INSERT INTO `student` VALUES (1062, '陈文建', '150808', '3115003149', 1, NULL, '男', '1', 'Y');
INSERT INTO `student` VALUES (1063, '赖晓钢', '150808', '3115003341', 1, NULL, '男', '1', 'Y');
INSERT INTO `student` VALUES (1064, '罗文浩', '150808', '3115003540', 1, NULL, '男', '1', 'Y');
INSERT INTO `student` VALUES (1065, '刘钟平', '150808', '3115003579', 1, NULL, '男', '1', 'Y');
INSERT INTO `student` VALUES (1066, '黄健铭', '150808', '3115003916', 1, NULL, '男', '1', 'Y');
INSERT INTO `student` VALUES (1067, '梁浩', '150808', '3115003982', 1, NULL, '男', '1', 'Y');
INSERT INTO `student` VALUES (1068, '郑予量', '150808', '3115004170', 1, NULL, '男', '1', 'Y');
INSERT INTO `student` VALUES (1069, '李益业', '150808', '3115004224', 1, NULL, '男', '1', 'Y');
INSERT INTO `student` VALUES (1070, '何世煜', '150808', '3115004345', 1, NULL, '男', '1', 'Y');
INSERT INTO `student` VALUES (1071, '梁嘉琪', '150808', '3215000140', 1, NULL, '男', '1', 'Y');
INSERT INTO `student` VALUES (1072, '谭佩怡', '150808', '3215000716', 1, NULL, '男', '1', 'Y');
INSERT INTO `student` VALUES (1073, '梁燕妮', '150808', '3215001250', 1, NULL, '男', '1', 'Y');
INSERT INTO `student` VALUES (1074, '梁美芳', '150808', '3215001356', 1, NULL, '男', '1', 'Y');
INSERT INTO `student` VALUES (1075, '黄超群', '150808', '3215001835', 1, NULL, '男', '1', 'Y');
INSERT INTO `student` VALUES (1076, '陈艳庆', '150808', '3215002552', 1, NULL, '男', '1', 'Y');
INSERT INTO `student` VALUES (1077, '王子慧', '150808', '3215002581', 1, NULL, '男', '1', 'Y');
INSERT INTO `student` VALUES (1078, '刘丽华', '150808', '3215003800', 1, NULL, '男', '1', 'Y');
INSERT INTO `student` VALUES (1079, '吴飞敏', '150808', '3215003978', 1, NULL, '男', '1', 'Y');
INSERT INTO `student` VALUES (1080, '彭晓燕', '150808', '3215004032', 1, NULL, '男', '1', 'Y');
INSERT INTO `student` VALUES (1081, '曾肖依', '150808', '3215004044', 1, NULL, '男', '1', 'Y');
INSERT INTO `student` VALUES (1082, '张程云', '150808', '3215004367', 1, NULL, '男', '1', 'Y');
INSERT INTO `student` VALUES (1083, '谢雨清', '150808', '3215004415', 1, NULL, '男', '1', 'Y');
INSERT INTO `student` VALUES (1084, '魏欣', '150808', '3215004549', 1, NULL, '男', '1', 'Y');
INSERT INTO `student` VALUES (1085, '吴洁冰', '150103', '3215002619', 2, NULL, '男', NULL, 'Y');
INSERT INTO `student` VALUES (1086, '陈天', '150807', '3115003430', 1, NULL, '男', NULL, 'Y');
INSERT INTO `student` VALUES (1087, '佟丽亚', '150807', '3115001234', 1, NULL, '女', '1', 'Y');
INSERT INTO `student` VALUES (1088, '周杰伦', '150807', '3115001235', 1, NULL, '男', '1', 'Y');
INSERT INTO `student` VALUES (1089, '林宥嘉', '150807', '3115001236', 1, NULL, '男', '1', 'Y');
INSERT INTO `student` VALUES (1090, '薛之谦', '150807', '3115001237', 1, NULL, '男', '1', 'Y');
INSERT INTO `student` VALUES (1091, '刘德华', '150807', '3115001238', 1, NULL, '男', '1', 'Y');
INSERT INTO `student` VALUES (1092, '张学友', '150807', '3115001239', 1, NULL, '男', '1', 'Y');
INSERT INTO `student` VALUES (1093, '张三', '150809', '3115003430', 1, NULL, '男', NULL, 'Y');
INSERT INTO `student` VALUES (1094, '吴锦泉', '150809', '3115003437', 1, NULL, '男', NULL, 'Y');
INSERT INTO `student` VALUES (1095, '李四', '150809', '3115003438', 1, NULL, '男', NULL, 'Y');

-- ----------------------------
-- Table structure for student_attend
-- ----------------------------
DROP TABLE IF EXISTS `student_attend`;
CREATE TABLE `student_attend`  (
  `id` int(11) NOT NULL AUTO_INCREMENT,
  `student_id` int(11) NULL DEFAULT NULL COMMENT '学生ID',
  `teacher_id` int(11) NULL DEFAULT NULL COMMENT '教师id',
  `course_code` varchar(11) CHARACTER SET utf8 COLLATE utf8_general_ci NULL DEFAULT NULL COMMENT '课程code',
  `course_time_id` int(11) NULL DEFAULT NULL COMMENT '课程时间ID',
  `course_place_id` int(11) NULL DEFAULT NULL COMMENT '考勤地点',
  `course_room_id` int(11) NULL DEFAULT NULL COMMENT ' 考勤课室',
  `status` varchar(10) CHARACTER SET utf8 COLLATE utf8_general_ci NULL DEFAULT NULL COMMENT '考勤状态',
  `attend_time` timestamp NULL DEFAULT NULL COMMENT '考勤时间',
  `create_time` timestamp NULL DEFAULT NULL COMMENT '创建时间',
  `last_update_time` timestamp NULL DEFAULT NULL COMMENT '最后更新时间',
  PRIMARY KEY (`id`) USING BTREE
) ENGINE = InnoDB AUTO_INCREMENT = 1166 CHARACTER SET = utf8 COLLATE = utf8_general_ci ROW_FORMAT = Compact;

-- ----------------------------
-- Records of student_attend
-- ----------------------------
INSERT INTO `student_attend` VALUES (1065, 1085, 3, '10002', 1, 1, 1, 'N', NULL, '2019-05-20 20:31:54', '2019-05-20 20:31:54');
INSERT INTO `student_attend` VALUES (1066, 1000, 3, '10002', 1, 1, 1, 'N', NULL, '2019-05-20 20:31:54', '2019-05-20 20:31:54');
INSERT INTO `student_attend` VALUES (1067, 1001, 3, '10002', 1, 1, 1, 'N', NULL, '2019-05-20 20:31:54', '2019-05-20 20:31:54');
INSERT INTO `student_attend` VALUES (1068, 1002, 3, '10002', 1, 1, 1, 'N', NULL, '2019-05-20 20:31:54', '2019-05-20 20:31:54');
INSERT INTO `student_attend` VALUES (1069, 1003, 3, '10002', 1, 1, 1, 'N', NULL, '2019-05-20 20:31:54', '2019-05-20 20:31:54');
INSERT INTO `student_attend` VALUES (1070, 1004, 3, '10002', 1, 1, 1, 'N', NULL, '2019-05-20 20:31:54', '2019-05-20 20:31:54');
INSERT INTO `student_attend` VALUES (1071, 1005, 3, '10002', 1, 1, 1, 'N', NULL, '2019-05-20 20:31:54', '2019-05-20 20:31:54');
INSERT INTO `student_attend` VALUES (1072, 1006, 3, '10002', 1, 1, 1, 'N', NULL, '2019-05-20 20:31:54', '2019-05-20 20:31:54');
INSERT INTO `student_attend` VALUES (1073, 1007, 3, '10002', 1, 1, 1, 'N', NULL, '2019-05-20 20:31:54', '2019-05-20 20:31:54');
INSERT INTO `student_attend` VALUES (1074, 1008, 3, '10002', 1, 1, 1, 'N', NULL, '2019-05-20 20:31:54', '2019-05-20 20:31:54');
INSERT INTO `student_attend` VALUES (1075, 1009, 3, '10002', 1, 1, 1, 'N', NULL, '2019-05-20 20:31:54', '2019-05-20 20:31:54');
INSERT INTO `student_attend` VALUES (1076, 1010, 3, '10002', 1, 1, 1, 'N', NULL, '2019-05-20 20:31:54', '2019-05-20 20:31:54');
INSERT INTO `student_attend` VALUES (1077, 1011, 3, '10002', 1, 1, 1, 'N', NULL, '2019-05-20 20:31:54', '2019-05-20 20:31:54');
INSERT INTO `student_attend` VALUES (1078, 1012, 3, '10002', 1, 1, 1, 'N', NULL, '2019-05-20 20:31:54', '2019-05-20 20:31:54');
INSERT INTO `student_attend` VALUES (1079, 1013, 3, '10002', 1, 1, 1, 'N', NULL, '2019-05-20 20:31:54', '2019-05-20 20:31:54');
INSERT INTO `student_attend` VALUES (1080, 1014, 3, '10002', 1, 1, 1, 'N', NULL, '2019-05-20 20:31:54', '2019-05-20 20:31:54');
INSERT INTO `student_attend` VALUES (1081, 1015, 3, '10002', 1, 1, 1, 'L', '2019-05-20 20:32:15', '2019-05-20 20:31:54', '2019-05-20 20:32:15');
INSERT INTO `student_attend` VALUES (1082, 1016, 3, '10002', 1, 1, 1, 'N', NULL, '2019-05-20 20:31:54', '2019-05-20 20:31:54');
INSERT INTO `student_attend` VALUES (1083, 1017, 3, '10002', 1, 1, 1, 'N', NULL, '2019-05-20 20:31:54', '2019-05-20 20:31:54');
INSERT INTO `student_attend` VALUES (1084, 1018, 3, '10002', 1, 1, 1, 'N', NULL, '2019-05-20 20:31:54', '2019-05-20 20:31:54');
INSERT INTO `student_attend` VALUES (1085, 1019, 3, '10002', 1, 1, 1, 'N', NULL, '2019-05-20 20:31:54', '2019-05-20 20:31:54');
INSERT INTO `student_attend` VALUES (1086, 1020, 3, '10002', 1, 1, 1, 'N', NULL, '2019-05-20 20:31:54', '2019-05-20 20:31:54');
INSERT INTO `student_attend` VALUES (1087, 1021, 3, '10002', 1, 1, 1, 'N', NULL, '2019-05-20 20:31:54', '2019-05-20 20:31:54');
INSERT INTO `student_attend` VALUES (1088, 1022, 3, '10002', 1, 1, 1, 'N', NULL, '2019-05-20 20:31:54', '2019-05-20 20:31:54');
INSERT INTO `student_attend` VALUES (1089, 1023, 3, '10002', 1, 1, 1, 'N', NULL, '2019-05-20 20:31:54', '2019-05-20 20:31:54');
INSERT INTO `student_attend` VALUES (1090, 1024, 3, '10002', 1, 1, 1, 'N', NULL, '2019-05-20 20:31:54', '2019-05-20 20:31:54');
INSERT INTO `student_attend` VALUES (1091, 1025, 3, '10002', 1, 1, 1, 'N', NULL, '2019-05-20 20:31:54', '2019-05-20 20:31:54');
INSERT INTO `student_attend` VALUES (1092, 1026, 3, '10002', 1, 1, 1, 'N', NULL, '2019-05-20 20:31:54', '2019-05-20 20:31:54');
INSERT INTO `student_attend` VALUES (1093, 1027, 3, '10002', 1, 1, 1, 'N', NULL, '2019-05-20 20:31:54', '2019-05-20 20:31:54');
INSERT INTO `student_attend` VALUES (1094, 1028, 3, '10002', 1, 1, 1, 'N', NULL, '2019-05-20 20:31:54', '2019-05-20 20:31:54');
INSERT INTO `student_attend` VALUES (1095, 1029, 3, '10002', 1, 1, 1, 'N', NULL, '2019-05-20 20:31:54', '2019-05-20 20:31:54');
INSERT INTO `student_attend` VALUES (1096, 1030, 3, '10002', 1, 1, 1, 'N', NULL, '2019-05-20 20:31:54', '2019-05-20 20:31:54');
INSERT INTO `student_attend` VALUES (1097, 1031, 3, '10002', 1, 1, 1, 'N', NULL, '2019-05-20 20:31:54', '2019-05-20 20:31:54');
INSERT INTO `student_attend` VALUES (1098, 1032, 3, '10002', 1, 1, 1, 'N', NULL, '2019-05-20 20:31:54', '2019-05-20 20:31:54');
INSERT INTO `student_attend` VALUES (1099, 1033, 3, '10002', 1, 1, 1, 'N', NULL, '2019-05-20 20:31:54', '2019-05-20 20:31:54');
INSERT INTO `student_attend` VALUES (1100, 1034, 3, '10002', 1, 1, 1, 'N', NULL, '2019-05-20 20:31:54', '2019-05-20 20:31:54');
INSERT INTO `student_attend` VALUES (1101, 1035, 3, '10002', 1, 1, 1, 'N', NULL, '2019-05-20 20:31:54', '2019-05-20 20:31:54');
INSERT INTO `student_attend` VALUES (1102, 1036, 3, '10002', 1, 1, 1, 'N', NULL, '2019-05-20 20:31:54', '2019-05-20 20:31:54');
INSERT INTO `student_attend` VALUES (1103, 1086, 3, '10002', 1, 1, 1, 'N', NULL, '2019-05-20 20:31:54', '2019-05-20 20:31:54');
INSERT INTO `student_attend` VALUES (1104, 1037, 3, '10002', 1, 1, 1, 'N', NULL, '2019-05-20 20:31:54', '2019-05-20 20:31:54');
INSERT INTO `student_attend` VALUES (1105, 1038, 3, '10002', 1, 1, 1, 'N', NULL, '2019-05-20 20:31:54', '2019-05-20 20:31:54');
INSERT INTO `student_attend` VALUES (1106, 1039, 3, '10002', 1, 1, 1, 'N', NULL, '2019-05-20 20:31:54', '2019-05-20 20:31:54');
INSERT INTO `student_attend` VALUES (1107, 1041, 3, '10002', 1, 1, 1, 'N', NULL, '2019-05-20 20:31:54', '2019-05-20 20:31:54');
INSERT INTO `student_attend` VALUES (1108, 1042, 3, '10002', 1, 1, 1, 'N', NULL, '2019-05-20 20:31:54', '2019-05-20 20:31:54');
INSERT INTO `student_attend` VALUES (1109, 1043, 3, '10002', 1, 1, 1, 'N', NULL, '2019-05-20 20:31:54', '2019-05-20 20:31:54');
INSERT INTO `student_attend` VALUES (1110, 1044, 3, '10002', 1, 1, 1, 'N', NULL, '2019-05-20 20:31:54', '2019-05-20 20:31:54');
INSERT INTO `student_attend` VALUES (1111, 1045, 3, '10002', 1, 1, 1, 'N', NULL, '2019-05-20 20:31:54', '2019-05-20 20:31:54');
INSERT INTO `student_attend` VALUES (1112, 1046, 3, '10002', 1, 1, 1, 'N', NULL, '2019-05-20 20:31:54', '2019-05-20 20:31:54');
INSERT INTO `student_attend` VALUES (1113, 1047, 3, '10002', 1, 1, 1, 'N', NULL, '2019-05-20 20:31:54', '2019-05-20 20:31:54');
INSERT INTO `student_attend` VALUES (1114, 1048, 3, '10002', 1, 1, 1, 'N', NULL, '2019-05-20 20:31:54', '2019-05-20 20:31:54');
INSERT INTO `student_attend` VALUES (1115, 1049, 3, '10002', 1, 1, 1, 'N', NULL, '2019-05-20 20:31:54', '2019-05-20 20:31:54');
INSERT INTO `student_attend` VALUES (1116, 1050, 3, '10002', 1, 1, 1, 'N', NULL, '2019-05-20 20:31:54', '2019-05-20 20:31:54');
INSERT INTO `student_attend` VALUES (1117, 1051, 3, '10002', 1, 1, 1, 'N', NULL, '2019-05-20 20:31:54', '2019-05-20 20:31:54');
INSERT INTO `student_attend` VALUES (1118, 1052, 3, '10002', 1, 1, 1, 'N', NULL, '2019-05-20 20:31:54', '2019-05-20 20:31:54');
INSERT INTO `student_attend` VALUES (1119, 1053, 3, '10002', 1, 1, 1, 'N', NULL, '2019-05-20 20:31:54', '2019-05-20 20:31:54');
INSERT INTO `student_attend` VALUES (1120, 1054, 3, '10002', 1, 1, 1, 'N', NULL, '2019-05-20 20:31:54', '2019-05-20 20:31:54');
INSERT INTO `student_attend` VALUES (1121, 1055, 3, '10002', 1, 1, 1, 'N', NULL, '2019-05-20 20:31:54', '2019-05-20 20:31:54');
INSERT INTO `student_attend` VALUES (1122, 1056, 3, '10002', 1, 1, 1, 'N', NULL, '2019-05-20 20:31:54', '2019-05-20 20:31:54');
INSERT INTO `student_attend` VALUES (1123, 1057, 3, '10002', 1, 1, 1, 'N', NULL, '2019-05-20 20:31:54', '2019-05-20 20:31:54');
INSERT INTO `student_attend` VALUES (1124, 1058, 3, '10002', 1, 1, 1, 'N', NULL, '2019-05-20 20:31:54', '2019-05-20 20:31:54');
INSERT INTO `student_attend` VALUES (1125, 1059, 3, '10002', 1, 1, 1, 'N', NULL, '2019-05-20 20:31:54', '2019-05-20 20:31:54');
INSERT INTO `student_attend` VALUES (1126, 1060, 3, '10002', 1, 1, 1, 'N', NULL, '2019-05-20 20:31:54', '2019-05-20 20:31:54');
INSERT INTO `student_attend` VALUES (1127, 1061, 3, '10002', 1, 1, 1, 'N', NULL, '2019-05-20 20:31:54', '2019-05-20 20:31:54');
INSERT INTO `student_attend` VALUES (1128, 1062, 3, '10002', 1, 1, 1, 'N', NULL, '2019-05-20 20:31:54', '2019-05-20 20:31:54');
INSERT INTO `student_attend` VALUES (1129, 1063, 3, '10002', 1, 1, 1, 'N', NULL, '2019-05-20 20:31:54', '2019-05-20 20:31:54');
INSERT INTO `student_attend` VALUES (1130, 1064, 3, '10002', 1, 1, 1, 'N', NULL, '2019-05-20 20:31:54', '2019-05-20 20:31:54');
INSERT INTO `student_attend` VALUES (1131, 1065, 3, '10002', 1, 1, 1, 'N', NULL, '2019-05-20 20:31:54', '2019-05-20 20:31:54');
INSERT INTO `student_attend` VALUES (1132, 1066, 3, '10002', 1, 1, 1, 'N', NULL, '2019-05-20 20:31:54', '2019-05-20 20:31:54');
INSERT INTO `student_attend` VALUES (1133, 1067, 3, '10002', 1, 1, 1, 'N', NULL, '2019-05-20 20:31:54', '2019-05-20 20:31:54');
INSERT INTO `student_attend` VALUES (1134, 1068, 3, '10002', 1, 1, 1, 'N', NULL, '2019-05-20 20:31:54', '2019-05-20 20:31:54');
INSERT INTO `student_attend` VALUES (1135, 1069, 3, '10002', 1, 1, 1, 'N', NULL, '2019-05-20 20:31:54', '2019-05-20 20:31:54');
INSERT INTO `student_attend` VALUES (1136, 1070, 3, '10002', 1, 1, 1, 'N', NULL, '2019-05-20 20:31:54', '2019-05-20 20:31:54');
INSERT INTO `student_attend` VALUES (1137, 1071, 3, '10002', 1, 1, 1, 'N', NULL, '2019-05-20 20:31:54', '2019-05-20 20:31:54');
INSERT INTO `student_attend` VALUES (1138, 1072, 3, '10002', 1, 1, 1, 'N', NULL, '2019-05-20 20:31:54', '2019-05-20 20:31:54');
INSERT INTO `student_attend` VALUES (1139, 1073, 3, '10002', 1, 1, 1, 'N', NULL, '2019-05-20 20:31:54', '2019-05-20 20:31:54');
INSERT INTO `student_attend` VALUES (1140, 1074, 3, '10002', 1, 1, 1, 'N', NULL, '2019-05-20 20:31:54', '2019-05-20 20:31:54');
INSERT INTO `student_attend` VALUES (1141, 1075, 3, '10002', 1, 1, 1, 'N', NULL, '2019-05-20 20:31:54', '2019-05-20 20:31:54');
INSERT INTO `student_attend` VALUES (1142, 1076, 3, '10002', 1, 1, 1, 'N', NULL, '2019-05-20 20:31:54', '2019-05-20 20:31:54');
INSERT INTO `student_attend` VALUES (1143, 1077, 3, '10002', 1, 1, 1, 'N', NULL, '2019-05-20 20:31:54', '2019-05-20 20:31:54');
INSERT INTO `student_attend` VALUES (1144, 1078, 3, '10002', 1, 1, 1, 'N', NULL, '2019-05-20 20:31:54', '2019-05-20 20:31:54');
INSERT INTO `student_attend` VALUES (1145, 1079, 3, '10002', 1, 1, 1, 'N', NULL, '2019-05-20 20:31:54', '2019-05-20 20:31:54');
INSERT INTO `student_attend` VALUES (1146, 1080, 3, '10002', 1, 1, 1, 'N', NULL, '2019-05-20 20:31:54', '2019-05-20 20:31:54');
INSERT INTO `student_attend` VALUES (1147, 1081, 3, '10002', 1, 1, 1, 'N', NULL, '2019-05-20 20:31:54', '2019-05-20 20:31:54');
INSERT INTO `student_attend` VALUES (1148, 1082, 3, '10002', 1, 1, 1, 'N', NULL, '2019-05-20 20:31:54', '2019-05-20 20:31:54');
INSERT INTO `student_attend` VALUES (1149, 1083, 3, '10002', 1, 1, 1, 'N', NULL, '2019-05-20 20:31:54', '2019-05-20 20:31:54');
INSERT INTO `student_attend` VALUES (1150, 1084, 3, '10002', 1, 1, 1, 'N', NULL, '2019-05-20 20:31:54', '2019-05-20 20:31:54');
INSERT INTO `student_attend` VALUES (1151, 1015, 3, '10011', 4, 1, 13, 'Y', '2019-05-26 11:17:10', '2019-05-26 11:14:06', '2019-05-26 11:17:10');
INSERT INTO `student_attend` VALUES (1152, 1093, 3, '10011', 4, 1, 13, 'N', NULL, '2019-05-26 11:14:06', '2019-05-26 11:14:06');
INSERT INTO `student_attend` VALUES (1153, 1094, 3, '10011', 4, 1, 13, 'N', NULL, '2019-05-26 11:14:06', '2019-05-26 11:14:06');
INSERT INTO `student_attend` VALUES (1154, 1015, 5, '10006', 1, 3, 5, 'L', '2019-05-26 11:26:19', '2019-05-26 11:22:46', '2019-05-26 11:26:19');
INSERT INTO `student_attend` VALUES (1155, 1093, 5, '10006', 1, 3, 5, 'N', NULL, '2019-05-26 11:22:46', '2019-05-26 11:22:46');
INSERT INTO `student_attend` VALUES (1156, 1094, 5, '10006', 1, 3, 5, 'N', NULL, '2019-05-26 11:22:46', '2019-05-26 11:22:46');
INSERT INTO `student_attend` VALUES (1157, 1095, 5, '10006', 1, 3, 5, 'N', NULL, '2019-05-26 11:22:46', '2019-05-26 11:22:46');
INSERT INTO `student_attend` VALUES (1158, 1015, 3, '10002', 5, 1, 23, 'N', NULL, '2019-05-26 20:04:57', '2019-05-26 20:04:57');
INSERT INTO `student_attend` VALUES (1159, 1093, 3, '10002', 5, 1, 23, 'N', NULL, '2019-05-26 20:04:57', '2019-05-26 20:04:57');
INSERT INTO `student_attend` VALUES (1160, 1094, 3, '10002', 5, 1, 23, 'N', NULL, '2019-05-26 20:04:57', '2019-05-26 20:04:57');
INSERT INTO `student_attend` VALUES (1161, 1095, 3, '10002', 5, 1, 23, 'N', NULL, '2019-05-26 20:04:57', '2019-05-26 20:04:57');
INSERT INTO `student_attend` VALUES (1162, 1015, 7, '10002', 1, 1, 1, 'L', '2019-05-26 20:18:32', '2019-05-26 20:06:55', '2019-05-26 20:18:32');
INSERT INTO `student_attend` VALUES (1163, 1093, 7, '10002', 1, 1, 1, 'N', NULL, '2019-05-26 20:06:55', '2019-05-26 20:06:55');
INSERT INTO `student_attend` VALUES (1164, 1094, 7, '10002', 1, 1, 1, 'N', NULL, '2019-05-26 20:06:55', '2019-05-26 20:06:55');
INSERT INTO `student_attend` VALUES (1165, 1095, 7, '10002', 1, 1, 1, 'N', NULL, '2019-05-26 20:06:55', '2019-05-26 20:06:55');

-- ----------------------------
-- Table structure for teacher
-- ----------------------------
DROP TABLE IF EXISTS `teacher`;
CREATE TABLE `teacher`  (
  `teacher_id` int(11) NOT NULL AUTO_INCREMENT,
  `teacher_name` varchar(50) CHARACTER SET utf8 COLLATE utf8_general_ci NULL DEFAULT NULL,
  `sex` varchar(50) CHARACTER SET utf8 COLLATE utf8_general_ci NULL DEFAULT NULL,
  `phone` varchar(50) CHARACTER SET utf8 COLLATE utf8_general_ci NULL DEFAULT NULL,
  `teacher_num` varchar(50) CHARACTER SET utf8 COLLATE utf8_general_ci NULL DEFAULT NULL,
  `password` varchar(255) CHARACTER SET utf8 COLLATE utf8_general_ci NULL DEFAULT NULL,
  PRIMARY KEY (`teacher_id`) USING BTREE
) ENGINE = InnoDB AUTO_INCREMENT = 8 CHARACTER SET = utf8 COLLATE = utf8_general_ci ROW_FORMAT = Compact;

-- ----------------------------
-- Records of teacher
-- ----------------------------
INSERT INTO `teacher` VALUES (3, '夏燕', '女', '15015005222', 'J002312', '123456');
INSERT INTO `teacher` VALUES (4, '王颖', '女', '15010522334', 'J002313', '123456');
INSERT INTO `teacher` VALUES (5, '王安石', '男', '15918812290', 'J002314', '123456');
INSERT INTO `teacher` VALUES (6, '曹彩', '女', '15053322123', 'J002534', '123456');
INSERT INTO `teacher` VALUES (7, '王安', '男', '142293412124', 'J0022332', '123456');

-- ----------------------------
-- Table structure for teacher_attend
-- ----------------------------
DROP TABLE IF EXISTS `teacher_attend`;
CREATE TABLE `teacher_attend`  (
  `id` int(11) NOT NULL AUTO_INCREMENT,
  `teacher_id` int(11) NULL DEFAULT NULL,
  `course_id` int(11) NULL DEFAULT NULL,
  `course_time_id` int(11) NULL DEFAULT NULL,
  `need_student_num` int(11) NULL DEFAULT NULL,
  `true_student_num` int(11) NULL DEFAULT NULL,
  PRIMARY KEY (`id`) USING BTREE
) ENGINE = InnoDB AUTO_INCREMENT = 2 CHARACTER SET = utf8 COLLATE = utf8_general_ci ROW_FORMAT = Compact;

-- ----------------------------
-- Records of teacher_attend
-- ----------------------------
INSERT INTO `teacher_attend` VALUES (1, 1, 1, 1, 50, 49);

-- ----------------------------
-- Table structure for yd_grade
-- ----------------------------
DROP TABLE IF EXISTS `yd_grade`;
CREATE TABLE `yd_grade`  (
  `id` int(11) NOT NULL AUTO_INCREMENT,
  `grade` varchar(40) CHARACTER SET utf8 COLLATE utf8_general_ci NULL DEFAULT NULL COMMENT '年级',
  PRIMARY KEY (`id`) USING BTREE
) ENGINE = InnoDB AUTO_INCREMENT = 6 CHARACTER SET = utf8 COLLATE = utf8_general_ci ROW_FORMAT = Compact;

-- ----------------------------
-- Records of yd_grade
-- ----------------------------
INSERT INTO `yd_grade` VALUES (1, '2015级');
INSERT INTO `yd_grade` VALUES (2, '2016级');
INSERT INTO `yd_grade` VALUES (3, '2017级');
INSERT INTO `yd_grade` VALUES (4, '2018级');
INSERT INTO `yd_grade` VALUES (5, '2019级');

SET FOREIGN_KEY_CHECKS = 1;
